Time Stamp,Current Weather,Temp (C),Humidity,Barometric Pressue (Pa),Wind Direction,Wind Speed (m/s),Wind Chill (C),Heat Index (C)
2/1/2026 0:15:00,Cloudy,-11.4,60.64401676,101420,320,14.76,-18.38510235,
2/1/2026 0:35:00,Mostly Cloudy,-11.5,61.64701864,101390,310,9.36,-16.78710903,
2/1/2026 0:55:00,Clear,-11.6,61.62091103,101320,310,22.32,-20.31061395,
2/1/2026 1:15:00,Clear,-12.1,64.1403159,101360,320,16.56,-19.7085697,
2/1/2026 1:35:00,Clear,-12.3,64.09034238,101390,310,12.96,-18.97861636,
2/1/2026 1:55:00,Partly Cloudy,-12.4,64.60829612,101390,300,9.36,-17.85639887,
2/1/2026 2:15:00,Mostly Cloudy,-12.6,67.90745212,101390,310,18.36,-20.75627305,
2/1/2026 2:35:00,Cloudy,-12.6,69.63938871,101390,310,16.56,-20.32969843,
2/1/2026 2:55:00,Cloudy,-12.6,69.63938871,101390,300,20.52,-21.22404773,
2/1/2026 3:15:00,Cloudy,-12.7,71.38966061,101390,300,12.96,-19.4659695,
2/1/2026 3:35:00,Cloudy,-12.7,71.98935397,101420,290,11.16,-18.88204308,
2/1/2026 3:55:00,Cloudy,-12.6,72.01006793,,300,12.96,-19.34413121,
2/1/2026 4:15:00,Cloudy,-12.6,72.61390058,101460,300,14.76,-19.86222219,
2/1/2026 4:35:00,Haze,-12.7,76.31490729,101460,300,16.56,-20.45392418,
2/1/2026 4:55:00,Haze,-12.7,76.31490729,101490,290,12.96,-19.4659695,
2/1/2026 5:15:00,Cloudy,-12.6,73.22225704,101520,300,16.56,-20.32969843,
2/1/2026 5:35:00,Cloudy,-12.7,73.20227394,101520,300,11.16,-18.88204308,
2/1/2026 5:55:00,Cloudy,-12.6,73.22225704,101560,280,11.16,-18.7616159,
2/1/2026 6:15:00,Cloudy,-12.7,73.81555977,101590,290,16.56,-20.45392418,
2/1/2026 6:35:00,Cloudy,-12.7,70.79443912,101630,300,16.56,-20.45392418,
2/1/2026 6:55:00,Cloudy,-13,71.32632459,101630,300,16.56,-20.82660142,
2/1/2026 7:15:00,Mostly Cloudy,-13.1,70.708553,101660,300,12.96,-19.95332264,
2/1/2026 7:35:00,Cloudy,-13.4,69.46202099,101660,300,11.16,-19.72503338,
2/1/2026 7:55:00,Mostly Cloudy,-13.5,68.85513782,101690,300,20.52,-22.36157789,
2/1/2026 8:15:00,Mostly Cloudy,-13.5,68.85513782,101730,,,,
2/1/2026 8:35:00,Partly Cloudy,-13.2,67.19821632,101760,300,22.32,-22.34681154,
2/1/2026 8:55:00,Light Snow,-13,63.91470464,101760,300,18.36,-21.25730942,
2/1/2026 9:15:00,Clear,-12.7,61.85572772,101800,300,20.52,-21.35043997,
2/1/2026 9:35:00,Clear,-12.1,58.93816556,101800,300,16.56,-19.7085697,
2/1/2026 9:55:00,Clear,-11.7,59.04745697,101800,290,12.96,-18.24758665,
2/1/2026 10:15:00,Clear,-11.4,60.13525767,101830,290,18.36,-19.25316396,
2/1/2026 10:35:00,Clear,-10.9,60.77643809,101860,300,18.36,-18.6268685,
2/1/2026 10:55:00,Clear,-10.3,59.92581329,101860,300,20.52,-18.31702622,
2/1/2026 11:15:00,Clear,-9.8,59.56152591,101860,290,12.96,-15.93265924,
2/1/2026 11:35:00,Clear,-9.5,58.1727992,101860,280,11.16,-15.02837315,
2/1/2026 11:55:00,Clear,-8.8,55.99372875,101830,290,14.76,-15.18467601,
2/1/2026 12:15:00,Clear,-8.5,55.15541826,101830,260,11.16,-13.82410129,
2/1/2026 12:35:00,Clear,-8.2,55.2406413,101800,290,11.16,-13.46281974,
2/1/2026 12:55:00,Clear,-7.6,54.50431136,101800,300,11.16,-12.74025663,
2/1/2026 13:15:00,Clear,-7.3,51.5246997,101760,300,12.96,-12.88670213,
2/1/2026 13:35:00,Clear,-7.1,50.31855802,101730,300,14.76,-13.09208956,
2/1/2026 13:55:00,Clear,-6.8,49.17171358,101690,300,16.56,-13.12460514,
2/1/2026 14:15:00,Clear,-6.6,48.42328298,101690,,,,
2/1/2026 14:35:00,Clear,-6.4,47.29370249,101690,310,22.32,-13.69297177,
2/1/2026 14:55:00,Clear,-6.4,49.70067296,101730,300,22.32,-13.69297177,
2/1/2026 15:15:00,,-6.2,47.354761,101730,300,20.52,-13.13494438,
2/1/2026 15:35:00,Clear,-5.9,46.66824227,101760,300,22.32,-13.05666002,
2/1/2026 15:55:00,Clear,-5.9,47.83950845,101800,300,18.36,-12.36391394,
2/1/2026 16:15:00,Clear,-6,47.80914272,101800,300,16.56,-12.13079916,
2/1/2026 16:35:00,Clear,-6.3,48.11453478,101800,300,14.76,-12.10734299,
2/1/2026 16:55:00,Clear,-6.7,49.61077428,101830,280,9.36,-11.08422989,
2/1/2026 17:55:00,Clear,-7.9,51.77626569,101860,300,9.36,-12.50994968,
2/1/2026 18:15:00,Clear,-8.4,54.27506381,101900,290,11.16,-13.70367411,
2/1/2026 18:35:00,Clear,-8.4,53.37968249,101930,300,9.36,-13.10399959,
2/1/2026 18:55:00,Clear,-8.8,53.70992924,101970,290,14.76,-15.18467601,
2/1/2026 19:15:00,Clear,-8.7,53.29242535,101970,290,11.16,-14.06495567,
2/1/2026 19:35:00,Clear,-9,55.01293347,102000,280,9.36,-13.81685948,
2/1/2026 19:55:00,Clear,-9.3,57.74545058,102030,280,9.36,-14.17328943,
2/1/2026 20:15:00,Clear,-9.9,62.57833698,102030,280,7.56,-14.15177267,
2/1/2026 20:35:00,Clear,-10,64.12697081,102030,290,9.36,-15.0049593,
2/1/2026 20:55:00,Clear,-10,64.65949373,102070,290,9.36,-15.0049593,
2/1/2026 21:15:00,Clear,-10.1,65.7124622,102070,300,7.56,-14.3855857,
2/1/2026 21:35:00,Clear,-10.5,67.26619702,102100,280,7.56,-14.85321175,
2/1/2026 21:55:00,Clear,-10.5,66.71220581,102100,280,9.36,-15.59900921,
2/1/2026 22:15:00,Clear,-10.7,67.21977951,102100,280,7.56,-15.08702478,
2/1/2026 22:35:00,Clear,-10.5,67.26619702,102100,280,7.56,-14.85321175,
2/1/2026 22:55:00,Clear,-10.3,66.75912183,102100,280,9.36,-15.36138925,
2/1/2026 23:15:00,Clear,-10.3,67.31252555,102100,280,11.16,-15.99179063,
2/1/2026 23:35:00,Clear,-10.5,67.8242961,102100,280,11.16,-16.232645,
2/1/2026 23:55:00,Clear,-10.5,68.38652965,102130,280,11.16,-16.232645,
2/2/2026 0:15:00,Clear,-10.3,67.31252555,102130,270,9.36,-15.36138925,
2/2/2026 0:35:00,Clear,-10.7,68.90834364,102130,270,7.56,-15.08702478,
2/2/2026 0:55:00,Clear,-10.9,69.4355328,102130,270,7.56,-15.32083781,
2/2/2026 1:15:00,Clear,-10.8,69.45755901,102170,260,7.56,-15.20393129,
2/2/2026 1:35:00,Clear,-11.1,69.96816378,102170,270,7.56,-15.55465083,
2/2/2026 1:55:00,Clear,-11,69.98990799,102170,280,11.16,-16.83478093,
2/2/2026 2:15:00,,-10.9,69.4355328,102170,250,9.36,-16.07424914,
2/2/2026 2:35:00,Clear,-10.9,70.01163059,102170,260,9.36,-16.07424914,
2/2/2026 2:55:00,Clear,-10.5,68.38652965,102170,0,0,,
2/2/2026 3:15:00,Clear,-10.4,68.40909932,102170,0,0,,
2/2/2026 3:35:00,Clear,-10.5,68.95292441,102170,260,7.56,-14.85321175,
2/2/2026 3:55:00,Clear,-10.7,70.05501101,102170,250,5.4,-13.95682942,
2/2/2026 4:15:00,Clear,-10.9,69.4355328,102170,260,5.4,-14.18490264,
2/2/2026 4:35:00,Clear,-11.3,71.68268383,102170,260,5.4,-14.64104908,
2/2/2026 4:55:00,Clear,-11.1,72.31824296,102200,270,7.56,-15.55465083,
2/2/2026 5:15:00,Clear,-10.7,70.05501101,102200,260,5.4,-13.95682942,
2/2/2026 5:35:00,Clear,-10.6,68.93064495,102200,250,9.36,-15.71781919,
2/2/2026 5:55:00,Clear,-10.7,69.47956347,102200,250,9.36,-15.83662918,
2/2/2026 6:15:00,Clear,-10.9,69.4355328,102240,240,9.36,-16.07424914,
2/2/2026 6:35:00,Clear,-11.5,71.64107846,102240,260,7.56,-16.02227688,
2/2/2026 6:55:00,Clear,-12.8,76.29685645,102200,250,7.56,-17.54206156,
2/2/2026 7:15:00,Clear,-12.4,75.11237399,102200,280,9.36,-17.85639887,
2/2/2026 7:35:00,Clear,-11.1,69.39141507,102240,280,7.56,-15.55465083,
2/2/2026 7:55:00,Clear,-10.6,67.2429994,102200,300,12.96,-16.90736552,
2/2/2026 8:15:00,Clear,-10.4,67.2893724,102200,300,12.96,-16.66368895,
2/2/2026 8:35:00,Clear,-10.1,64.63499887,102200,290,9.36,-15.12376928,
2/2/2026 8:55:00,Clear,-9.6,62.13867753,102270,290,7.56,-13.80105314,
2/2/2026 9:15:00,Clear,-8.9,59.80213686,102270,270,5.4,-11.90417043,
2/2/2026 9:35:00,Clear,-7.8,53.55360377,102300,290,7.56,-11.6967359,
2/2/2026 9:55:00,Clear,-7.1,49.90305408,,260,7.56,-10.87839031,
2/2/2026 10:15:00,Clear,-6.4,46.51485539,102300,260,9.36,-10.72779994,
2/2/2026 10:35:00,Clear,-5.7,41.59722319,102270,280,9.36,-9.896130069,
2/2/2026 10:55:00,Clear,-5.1,39.08677875,102270,240,5.4,-7.570779243,
2/2/2026 11:15:00,Clear,-4.4,35.55222151,102300,270,9.36,-8.351600301,
2/2/2026 11:35:00,Clear,-4,33.92404434,102270,250,9.36,-7.876360372,
2/2/2026 11:55:00,Clear,-3.4,31.89295537,102270,0,0,,
2/2/2026 12:15:00,Clear,-2.6,30.562764,102240,270,9.36,-6.213020623,
2/2/2026 12:35:00,Clear,-2.3,31.43800512,102200,260,5.4,-4.377754157,
2/2/2026 12:55:00,Clear,-1.8,31.33119056,102170,240,5.4,-3.807571106,
2/2/2026 13:15:00,Mostly Cloudy,-1.3,30.20138084,102130,260,5.4,-3.237388054,
2/2/2026 13:35:00,Partly Cloudy,-0.6,30.67115875,102130,280,9.36,-3.83682098,
2/2/2026 13:55:00,Partly Cloudy,-0.3,31.79712121,102100,270,7.56,-2.928747413,
2/2/2026 14:15:00,Clear,-0.1,31.5978469,102070,0,0,,
2/2/2026 14:35:00,Mostly Cloudy,-0.4,35.63112822,102070,280,5.4,-2.211058562,
2/2/2026 14:55:00,Cloudy,0,36.34091675,102070,280,7.56,-2.578027874,
2/2/2026 15:15:00,Cloudy,0,39.39665218,102070,260,7.56,-2.578027874,
2/2/2026 15:35:00,Cloudy,0,41.0088285,102070,240,5.4,-1.754912121,
2/2/2026 15:55:00,Cloudy,0.5,38.92281419,102030,250,7.56,-1.993495308,
2/2/2026 16:15:00,Cloudy,0.1,38.48777394,102030,0,0,,
2/2/2026 16:35:00,Cloudy,0.1,40.38793218,102030,260,5.4,-1.640875511,
2/2/2026 16:55:00,Cloudy,0,42.34066572,102070,250,9.36,-3.123961087,
2/2/2026 17:15:00,Cloudy,-0.1,44.38043925,102070,230,5.4,-1.868948732,
2/2/2026 17:35:00,Cloudy,-0.5,47.91399726,102100,240,5.4,-2.325095173,
2/2/2026 17:55:00,,-0.7,47.4771831,102100,250,7.56,-3.396373466,
2/2/2026 18:15:00,Cloudy,-0.8,49.36185637,102100,240,7.56,-3.513279979,
2/2/2026 18:35:00,Cloudy,-0.8,49.75291193,102130,250,5.4,-2.667205003,
2/2/2026 19:15:00,Cloudy,-1.2,54.12871138,102170,260,5.4,-3.123351444,
2/2/2026 19:35:00,Cloudy,,,,,,,
2/2/2026 19:55:00,Cloudy,-1.3,55.82283483,102170,240,5.4,-3.237388054,
2/2/2026 20:15:00,Cloudy,-1.5,58.44484061,102170,0,0,,
2/2/2026 20:35:00,Cloudy,-1.7,59.77397958,102200,0,0,,
2/2/2026 20:55:00,Cloudy,-2,61.10912216,102200,0,0,,
2/2/2026 21:15:00,Cloudy,-2,60.63490886,102200,270,5.4,-4.035644326,
2/2/2026 21:35:00,Cloudy,-2,60.63490886,,250,5.4,-4.035644326,
2/2/2026 21:55:00,Cloudy,-1.8,59.28406274,,240,11.16,-5.755479873,
2/2/2026 22:15:00,Cloudy,-2,61.10912216,102240,230,5.4,-4.035644326,
2/2/2026 22:35:00,Cloudy,-2.1,61.56151688,102200,250,7.56,-5.03306465,
2/2/2026 22:55:00,Cloudy,-2.1,61.56151688,102200,260,7.56,-5.03306465,
2/2/2026 23:15:00,Cloudy,-2.2,63.97638581,102240,250,5.4,-4.263717547,
2/2/2026 23:35:00,Cloudy,-2.3,66.99530097,102200,0,0,,
2/2/2026 23:55:00,Cloudy,-2.2,65.99001972,102170,0,0,,
2/3/2026 0:15:00,Cloudy,-2.1,66.01305389,102200,0,0,,
2/3/2026 0:35:00,Cloudy,-2.5,68.52107535,102200,0,0,,
2/3/2026 0:55:00,Cloudy,-2.5,68.52107535,102200,0,0,,
2/3/2026 1:15:00,Cloudy,-2.6,69.56528461,102200,0,0,,
2/3/2026 1:35:00,Cloudy,-2.6,70.10379329,102200,0,0,,
2/3/2026 1:55:00,Cloudy,-2.6,71.19195272,102200,0,0,,
2/3/2026 2:15:00,Cloudy,-2.7,72.83300669,102200,0,0,,
2/3/2026 2:35:00,Cloudy,-2.6,71.19195272,102200,0,0,,
2/3/2026 2:55:00,Cloudy,-2.5,71.21225644,102200,0,0,,
2/3/2026 3:15:00,Cloudy,-2.6,71.74164786,102200,0,0,,
2/3/2026 3:35:00,Cloudy,-2.5,72.31479315,102170,0,0,,
2/3/2026 3:55:00,Cloudy,-2.5,73.4324911,102170,0,0,,
2/3/2026 4:15:00,,-2.6,73.97838773,102170,260,5.4,-4.719863987,
2/3/2026 4:35:00,Cloudy,-2.5,73.4324911,102130,0,0,,
2/3/2026 4:55:00,Cloudy,-2.6,73.41346369,102170,0,0,,
2/3/2026 5:15:00,Cloudy,-2.5,73.4324911,102130,0,0,,
2/3/2026 5:35:00,Cloudy,-1.3,70.37404622,102130,220,5.4,-3.237388054,
2/3/2026 5:55:00,Cloudy,-0.5,68.43062351,,250,9.36,-3.718010998,
2/3/2026 6:15:00,Cloudy,-0.1,67.99990642,102170,280,12.96,-4.114345639,
2/3/2026 6:35:00,Cloudy,0,67.50836062,102170,300,9.36,-3.123961087,
2/3/2026 6:55:00,Cloudy,-0.1,67.99990642,102200,220,7.56,-2.694934387,
2/3/2026 7:15:00,Cloudy,-1.2,70.39469549,102200,0,0,,
2/3/2026 7:35:00,Mostly Cloudy,-1.8,73.00668351,102200,0,0,,
2/3/2026 7:55:00,Partly Cloudy,-2.1,74.63876671,102240,0,0,,
2/3/2026 8:15:00,,-1.8,74.12741678,102270,0,0,,
2/3/2026 8:35:00,Partly Cloudy,-0.9,69.39307243,102270,0,0,,
2/3/2026 8:55:00,Partly Cloudy,-0.1,67.48627921,102300,220,5.4,-1.868948732,
2/3/2026 9:15:00,Partly Cloudy,0.3,65.06274847,102300,230,5.4,-1.412802291,
2/3/2026 9:35:00,Clear,0.6,64.15263884,102300,270,5.4,-1.07069246,
2/3/2026 9:55:00,Mostly Cloudy,1.4,61.02639247,102300,0,0,,
2/3/2026 10:15:00,Partly Cloudy,1.5,61.98225594,102300,0,0,,
2/3/2026 10:35:00,Clear,1.3,62.87736713,102300,260,5.4,-0.272436188,
2/3/2026 10:55:00,Clear,1.5,61.98225594,102270,0,0,,
2/3/2026 11:15:00,,2.1,60.74135858,102270,270,7.56,-0.122991098,
2/3/2026 11:35:00,Clear,2.4,60.36051908,102270,230,7.56,0.227728441,
2/3/2026 11:55:00,Clear,2.6,59.50886464,102200,250,5.4,1.210039744,
2/3/2026 12:15:00,Clear,,,,,,,
2/3/2026 12:35:00,Clear,3.1,59.19063731,102100,0,0,,
2/3/2026 12:55:00,Clear,3.2,57.89769076,102070,0,0,,
2/3/2026 13:15:00,Partly Cloudy,3.2,59.66163129,102100,0,0,,
2/3/2026 13:35:00,Partly Cloudy,3.5,57.97590655,102070,0,0,,
2/3/2026 13:55:00,Mostly Cloudy,3.6,56.71150629,102000,220,5.4,2.350405847,
2/3/2026 14:15:00,Mostly Cloudy,3.7,56.73800568,,150,5.4,2.464442457,
2/3/2026 14:35:00,Partly Cloudy,3.9,55.52745447,102000,0,0,,
2/3/2026 14:55:00,Clear,4.3,54.39816933,102000,0,0,,
2/3/2026 15:15:00,Mostly Cloudy,4.3,56.05267896,101970,0,0,,
2/3/2026 15:35:00,Cloudy,4,56.8173817,101930,0,0,,
2/3/2026 15:55:00,Cloudy,4.1,58.56683691,101930,0,0,,
2/3/2026 16:15:00,Cloudy,4,59.86416755,101900,0,0,,
2/3/2026 16:35:00,Cloudy,4.2,58.15769359,101900,110,5.4,3.034625508,
2/3/2026 16:55:00,Cloudy,4,58.5410786,101860,0,0,,
2/3/2026 17:15:00,Cloudy,3.7,63.92382686,101860,0,0,,
2/3/2026 17:35:00,Cloudy,3.1,69.70842922,101860,0,0,,
2/3/2026 17:55:00,Cloudy,2.7,74.39626042,101860,0,0,,
2/3/2026 18:15:00,Cloudy,3.2,67.20437134,101860,120,5.4,1.894259406,
2/3/2026 18:35:00,Cloudy,3.7,61.59606405,101860,0,0,,
2/3/2026 18:55:00,Cloudy,3.5,62.00680025,101900,120,5.4,2.236369237,
2/3/2026 19:35:00,Light Snow,1,94.39048551,,0,0,,
2/3/2026 19:55:00,Light Snow,0.8,97.85926781,102000,0,0,,
2/3/2026 20:15:00,Light Rain,0.7,98.56712081,102000,0,0,,
2/3/2026 20:35:00,Light Snow,0.7,99.28126948,101970,0,0,,
2/3/2026 20:55:00,Light Snow,0.7,99.28126948,101970,0,0,,
2/3/2026 21:15:00,Light Snow,0.6,99.28068137,101970,0,0,,
2/3/2026 21:35:00,Light Snow,0.5,100,102000,0,0,,
2/3/2026 21:55:00,Fog/Mist,0.5,100,,0,0,,
2/3/2026 22:15:00,,0.5,100,102000,0,0,,
2/3/2026 22:35:00,Fog/Mist,0.6,100,101970,0,0,,
2/3/2026 22:55:00,Fog/Mist,0.6,100,101930,0,0,,
2/3/2026 23:15:00,Fog/Mist,0.5,100,101930,0,0,,
2/3/2026 23:35:00,Fog/Mist,0.6,100,101900,0,0,,
2/3/2026 23:55:00,Fog/Mist,0.5,100,101900,0,0,,
2/4/2026 0:15:00,Fog/Mist,0.5,100,101900,0,0,,
2/4/2026 0:35:00,Fog/Mist,0.5,100,101900,0,0,,
2/4/2026 0:55:00,Fog/Mist,0.7,100,101860,0,0,,
2/4/2026 1:15:00,Fog/Mist,0.6,100,101860,0,0,,
2/4/2026 1:35:00,Fog/Mist,0.7,99.28126948,101860,0,0,,
2/4/2026 1:55:00,Fog/Mist,0.7,99.28126948,101860,0,0,,
2/4/2026 2:15:00,Fog/Mist,0.6,100,101860,0,0,,
2/4/2026 2:35:00,Fog/Mist,0.7,99.28126948,101860,0,0,,
2/4/2026 2:55:00,Fog/Mist,0.7,100,101830,0,0,,
2/4/2026 3:15:00,,0.7,100,101830,0,0,,
2/4/2026 3:35:00,Fog/Mist,0.7,100,101830,0,0,,
2/4/2026 3:55:00,Fog/Mist,0.6,100,101830,0,0,,
2/4/2026 4:15:00,Fog/Mist,,,,,,,
2/4/2026 4:35:00,Fog/Mist,0.6,100,101830,0,0,,
2/4/2026 4:55:00,Fog/Mist,0.7,100,101860,0,0,,
2/4/2026 5:15:00,Fog/Mist,0.6,100,101860,0,0,,
2/4/2026 5:35:00,Fog/Mist,0.7,100,101900,0,0,,
2/4/2026 5:55:00,Fog/Mist,0.7,100,101930,0,0,,
2/4/2026 6:15:00,Fog/Mist,0.7,100,101900,0,0,,
2/4/2026 6:35:00,Fog/Mist,0.7,100,101930,0,0,,
2/4/2026 6:55:00,Fog/Mist,0.7,100,101930,0,0,,
2/4/2026 7:15:00,Fog/Mist,0.7,100,102000,0,0,,
2/4/2026 7:35:00,Fog/Mist,0.7,100,102030,0,0,,
2/4/2026 7:55:00,Fog/Mist,0.8,100,102030,0,0,,
2/4/2026 8:15:00,,0.8,100,102030,0,0,,
2/4/2026 8:35:00,Fog/Mist,1.4,100,102030,0,0,,
2/4/2026 8:55:00,Cloudy,1.7,97.87482472,102070,0,0,,
2/4/2026 9:15:00,Cloudy,1.7,96.48036331,102100,0,0,,
2/4/2026 9:35:00,Cloudy,1.8,95.79312539,102100,0,0,,
2/4/2026 9:55:00,Cloudy,1.7,95.78975614,102100,0,0,,
2/4/2026 10:15:00,Cloudy,1.8,95.79312539,102070,70,5.4,0.297746863,
2/4/2026 10:35:00,Cloudy,1.8,95.10743747,102070,90,7.56,-0.473710638,
2/4/2026 10:55:00,Cloudy,1.8,94.42610179,102100,110,11.16,-1.420101199,
2/4/2026 11:15:00,Cloudy,1.6,95.78638287,,100,9.36,-1.223001373,
2/4/2026 11:35:00,Cloudy,1.5,95.78300558,102070,90,9.36,-1.341811355,
2/4/2026 11:55:00,Cloudy,1.6,94.41722927,102070,100,9.36,-1.223001373,
2/4/2026 12:15:00,Cloudy,1.7,94.42166815,,110,5.4,0.183710252,
2/4/2026 12:35:00,Cloudy,1.8,94.42610179,102030,0,0,,
2/4/2026 12:55:00,Cloudy,1.9,92.41394008,102000,60,11.16,-1.299674013,
2/4/2026 13:15:00,Fog/Mist,1.7,95.10353243,101900,60,9.36,-1.104191391,
2/4/2026 13:35:00,Fog/Mist,1.5,95.78300558,101900,50,9.36,-1.341811355,
2/4/2026 14:55:00,Light Rain,0.8,97.85926781,101900,90,9.36,-2.17348123,
2/4/2026 15:15:00,Fog/Mist,0.8,98.56828786,101860,70,9.36,-2.17348123,
2/4/2026 15:35:00,Fog/Mist,0.7,98.56712081,101900,90,5.4,-0.95665585,
2/4/2026 15:55:00,Fog/Mist,0.8,98.56828786,101900,0,0,,
2/4/2026 16:15:00,Fog/Mist,0.8,97.85926781,101900,100,5.4,-0.84261924,
2/4/2026 16:35:00,Fog/Mist,0.7,98.56712081,101900,120,5.4,-0.95665585,
2/4/2026 16:55:00,Fog/Mist,0.5,100,101930,110,5.4,-1.18472907,
2/4/2026 17:15:00,Fog/Mist,0.5,98.56478244,101930,110,5.4,-1.18472907,
2/4/2026 17:35:00,Fog/Mist,0.5,100,101930,110,7.56,-1.993495308,
2/4/2026 17:55:00,Fog/Mist,0.3,100,101930,120,7.56,-2.227308335,
2/4/2026 18:15:00,Fog/Mist,0,100,101930,120,5.4,-1.754912121,
2/4/2026 18:35:00,Fog/Mist,0.1,100,101970,100,7.56,-2.461121361,
2/4/2026 18:55:00,Fog/Mist,0,100,101970,100,5.4,-1.754912121,
2/4/2026 19:15:00,Fog/Mist,0,100,101970,100,5.4,-1.754912121,
2/4/2026 19:35:00,Fog/Mist,0,100,101970,90,5.4,-1.754912121,
2/4/2026 19:55:00,Fog/Mist,0,100,101970,100,7.56,-2.578027874,
2/4/2026 20:15:00,Light Snow,0,100,102000,120,5.4,-1.754912121,
2/4/2026 20:35:00,Light Snow,0,100,102000,0,0,,
2/4/2026 20:55:00,Light Snow,-0.1,100,102000,100,5.4,-1.868948732,
2/4/2026 21:15:00,Light Snow,0,100,102000,0,0,,
2/4/2026 21:35:00,Light Snow,-0.1,100,101970,120,5.4,-1.868948732,
2/4/2026 21:55:00,Light Snow,-0.1,100,,0,0,,
2/4/2026 22:15:00,Light Snow,-0.3,100,101970,120,5.4,-2.097021952,
2/4/2026 22:35:00,Light Snow,-0.3,100,101970,0,0,,
2/4/2026 22:55:00,Light Snow,-0.5,100,101930,120,7.56,-3.16256044,
2/4/2026 23:15:00,Light Snow,-0.7,100,101930,120,5.4,-2.553168393,
2/4/2026 23:35:00,Light Snow,-0.7,98.55063156,101970,100,5.4,-2.553168393,
2/4/2026 23:55:00,Light Snow,-0.8,98.54944291,101970,0,0,,
2/5/2026 0:15:00,Light Snow,-0.7,97.8329588,101930,0,0,,
2/5/2026 0:35:00,Light Snow,-0.8,97.11757984,101930,0,0,,
2/5/2026 0:55:00,Light Snow,-0.8,95.00438063,101900,0,0,,
2/5/2026 1:15:00,Light Snow,-1,97.82763904,101900,0,0,,
2/5/2026 1:35:00,Light Snow,-1.1,98.54586819,101900,0,0,,
2/5/2026 1:55:00,Light Snow,-1.1,97.82586145,101860,0,0,,
2/5/2026 2:15:00,Light Snow,-1.3,97.82229974,101860,110,5.4,-3.237388054,
2/5/2026 2:35:00,Light Snow,-1.3,98.54347771,101860,0,0,,
2/5/2026 2:55:00,Fog/Mist,-1.3,98.54347771,101860,0,0,,
2/5/2026 3:15:00,Fog/Mist,-1.4,97.82051561,101830,0,0,,
2/5/2026 3:35:00,Fog/Mist,-1.5,97.8187293,101800,0,0,,
2/5/2026 3:55:00,Fog/Mist,-1.5,97.8187293,101800,0,0,,
2/5/2026 4:15:00,Fog/Mist,-1.5,98.54108134,101760,0,0,,
2/5/2026 4:35:00,Fog/Mist,-1.5,99.26816266,101760,0,0,,
2/5/2026 4:55:00,Fog/Mist,-1.5,99.26816266,101730,0,0,,
2/5/2026 5:15:00,Cloudy,-1.5,96.38810664,101730,0,0,,
2/5/2026 5:35:00,Cloudy,-1.8,93.56697395,101730,0,0,,
2/5/2026 5:55:00,Cloudy,-2,92.17586196,101730,0,0,,
2/5/2026 6:15:00,,-2.3,92.15709256,101730,0,0,,
2/5/2026 6:35:00,Cloudy,-2.6,92.82954452,101730,0,0,,
2/5/2026 6:55:00,Cloudy,-2.7,92.131963,101730,0,0,,
2/5/2026 7:15:00,Cloudy,-3,92.80646047,101760,0,0,,
2/5/2026 7:35:00,Cloudy,-3,91.42422176,101760,0,0,,
2/5/2026 7:55:00,Cloudy,-3,88.71449803,101760,300,7.56,-6.085223268,
2/5/2026 8:15:00,Cloudy,-3.3,88.02015927,101800,300,7.56,-6.435942808,
2/5/2026 8:35:00,Cloudy,-3.5,87.33718267,101800,0,0,,
2/5/2026 8:55:00,Cloudy,-3.8,84.6895278,101800,280,5.4,-6.08830331,
2/5/2026 9:15:00,Cloudy,-4,85.31461616,101800,270,5.4,-6.316376531,
2/5/2026 9:35:00,Cloudy,-3.8,84.6895278,101800,0,0,,
2/5/2026 9:55:00,Cloudy,-3.3,81.58533469,101800,280,7.56,-6.435942808,
2/5/2026 10:15:00,,-3.3,80.34977767,101800,0,0,,
2/5/2026 10:35:00,Mostly Cloudy,-2.8,76.24229326,101800,0,0,,
2/5/2026 10:55:00,Mostly Cloudy,-2.6,74.54717573,101760,250,5.4,-4.719863987,
2/5/2026 11:15:00,Mostly Cloudy,,,,,,,
2/5/2026 11:35:00,Partly Cloudy,-2,71.31347898,101690,0,0,,
2/5/2026 11:55:00,Clear,-2,70.76936378,101660,0,0,,
2/5/2026 12:15:00,Partly Cloudy,-1,66.77410131,101630,280,7.56,-3.747093005,
2/5/2026 12:35:00,Partly Cloudy,-0.4,63.91487684,101590,290,7.56,-3.045653927,
2/5/2026 12:55:00,Partly Cloudy,-0.5,63.89098558,101560,250,9.36,-3.718010998,
2/5/2026 13:15:00,Clear,-0.5,62.43845413,101490,240,7.56,-3.16256044,
2/5/2026 13:35:00,Partly Cloudy,-0.5,63.89098558,101460,0,0,,
2/5/2026 13:55:00,Partly Cloudy,0,60.21052222,101420,280,7.56,-2.578027874,
2/5/2026 14:15:00,Clear,-0.1,57.9124535,101360,0,0,,
2/5/2026 14:35:00,Clear,0.2,57.99169671,101320,310,5.4,-1.526838901,
2/5/2026 14:55:00,Clear,0.4,54.99682837,101320,230,5.4,-1.298765681,
2/5/2026 15:55:00,Clear,0.9,51.43125493,101290,270,5.4,-0.728582629,
2/5/2026 16:15:00,Clear,1,52.66829484,101290,260,5.4,-0.614546019,
2/5/2026 16:35:00,Clear,0.9,54.29122332,101250,270,7.56,-1.525869256,
2/5/2026 16:55:00,Clear,0.7,54.65606071,101250,0,0,,
2/5/2026 17:15:00,,0,60.67424204,101290,270,7.56,-2.578027874,
2/5/2026 18:15:00,Clear,-1.2,67.2420357,101320,0,0,,
2/5/2026 18:35:00,Clear,-1.4,69.81839178,101320,290,7.56,-4.214719058,
2/5/2026 18:55:00,Clear,-1.3,67.73653207,101320,290,7.56,-4.097812545,
2/5/2026 19:15:00,Clear,-1.5,68.21324983,101290,300,7.56,-4.331625571,
2/5/2026 19:35:00,Clear,-1.9,69.7132827,101320,290,9.36,-5.381350748,
2/5/2026 19:55:00,Clear,-2.2,70.72832493,101290,280,9.36,-5.737780694,
2/5/2026 20:15:00,,-2.6,71.74164786,101290,290,12.96,-7.160302754,
2/5/2026 20:35:00,Clear,-2.9,72.79420065,101250,270,7.56,-5.968316755,
2/5/2026 20:55:00,Clear,-3.2,73.86582672,101250,280,11.16,-7.441460469,
2/5/2026 21:15:00,Mostly Cloudy,-3.5,73.80929079,101250,290,12.96,-8.256847315,
2/5/2026 21:35:00,Partly Cloudy,-3.6,74.3625975,101250,300,11.16,-7.92316921,
2/5/2026 21:55:00,Clear,-3.7,74.34403661,101250,0,0,,
2/5/2026 22:15:00,Partly Cloudy,-4,75.4472872,101250,300,7.56,-7.254288399,
2/5/2026 22:35:00,Cloudy,-4,76.0328242,101250,290,11.16,-8.404877952,
2/5/2026 22:55:00,Cloudy,-4,76.0328242,101250,290,7.56,-7.254288399,
2/5/2026 23:15:00,,-4.5,77.13170079,101250,290,7.56,-7.838820965,
2/5/2026 23:35:00,Clear,-4.6,78.31895618,101250,280,7.56,-7.955727478,
2/5/2026 23:55:00,Partly Cloudy,-4.9,78.27038925,101250,220,5.4,-7.342706023,
2/6/2026 0:15:00,Partly Cloudy,-5.1,79.46278895,101220,0,0,,
2/6/2026 0:35:00,Clear,-5.3,80.67540635,101220,0,0,,
2/6/2026 0:55:00,Clear,-5.2,80.69005908,101190,0,0,,
2/6/2026 1:15:00,Clear,-5.8,83.79788821,101190,0,0,,
2/6/2026 1:35:00,Clear,-6.8,86.32813275,101190,0,0,,
2/6/2026 1:55:00,Clear,-6.1,85.07262405,101190,250,5.4,-8.711145345,
2/6/2026 2:15:00,Clear,-6.5,87.03469375,101150,0,0,,
2/6/2026 2:35:00,Clear,-6.9,89.05064856,101120,0,0,,
2/6/2026 2:55:00,Clear,-6.5,87.7136293,101120,0,0,,
2/6/2026 3:15:00,Partly Cloudy,-6.7,87.69409151,101080,0,0,,
2/6/2026 3:35:00,Partly Cloudy,-6.8,89.05941765,101080,0,0,,
2/6/2026 3:55:00,Mostly Cloudy,-6.1,87.07563158,101050,0,0,,
2/6/2026 4:15:00,Mostly Cloudy,-5.1,81.96385188,101020,240,5.4,-7.570779243,
2/6/2026 4:35:00,Partly Cloudy,-5.2,78.83237695,100980,0,0,,
2/6/2026 5:15:00,Cloudy,-5,76.44952775,100950,0,0,,
2/6/2026 5:35:00,Mostly Cloudy,-5.4,78.80060099,100950,260,5.4,-7.912889074,
2/6/2026 5:55:00,Mostly Cloudy,-5.5,81.27515239,100950,250,5.4,-8.026925684,
2/6/2026 6:15:00,Cloudy,-5.8,83.14981195,100920,0,0,,
2/6/2026 6:35:00,Cloudy,-5.5,84.48666191,100880,0,0,,
2/6/2026 6:55:00,Cloudy,-5.5,84.48666191,100850,0,0,,
2/6/2026 7:15:00,Mostly Cloudy,-5.7,85.11916227,100850,0,0,,
2/6/2026 7:35:00,Partly Cloudy,-5.5,84.48666191,100810,0,0,,
2/6/2026 7:55:00,,-5.3,83.8604544,100780,0,0,,
2/6/2026 8:15:00,Mostly Cloudy,-4.6,80.15661618,100780,0,0,,
2/6/2026 8:35:00,Cloudy,-4,76.62240249,100750,0,0,,
2/6/2026 8:55:00,Cloudy,-3.8,77.84663748,100750,250,5.4,-6.08830331,
2/6/2026 9:15:00,Cloudy,-3.5,76.70816777,100710,220,7.56,-6.669755834,
2/6/2026 9:35:00,Cloudy,-3.4,76.72526742,100680,230,5.4,-5.632156869,
2/6/2026 9:55:00,Cloudy,-3,76.79348879,100640,230,7.56,-6.085223268,
2/6/2026 10:15:00,Cloudy,-2.9,77.99364446,100680,0,0,,
2/6/2026 10:35:00,Cloudy,-2.6,77.44988163,100610,240,5.4,-4.719863987,
2/6/2026 10:55:00,Cloudy,-2.2,77.51606671,100610,240,7.56,-5.149971163,
2/6/2026 11:15:00,Cloudy,-1.9,76.39770312,100610,250,5.4,-3.921607716,
2/6/2026 11:35:00,Cloudy,-1.5,75.31696226,100610,270,7.56,-4.331625571,
2/6/2026 11:55:00,Cloudy,-1.3,75.35256465,100580,280,5.4,-3.237388054,
2/6/2026 14:35:00,Light Snow,0.1,97.84705002,100240,250,11.16,-3.46736335,
2/6/2026 14:55:00,Light Snow,0.5,95.74900988,100200,240,12.96,-3.383315931,
2/6/2026 15:15:00,Light Snow,0.5,95.74900988,100200,240,9.36,-2.529911177,
2/6/2026 15:35:00,Light Snow,0.5,95.74900988,100200,240,5.4,-1.18472907,
2/6/2026 15:55:00,Light Snow,0.5,94.36805348,100240,260,7.56,-1.993495308,
2/6/2026 16:15:00,Light Snow,0.5,94.36805348,100240,280,5.4,-1.18472907,
2/6/2026 16:35:00,Fog/Mist,0.3,96.44043836,100270,270,5.4,-1.412802291,
2/6/2026 16:55:00,Light Snow,0.2,97.1409091,100310,0,0,,
2/6/2026 17:15:00,Fog/Mist,0.3,97.14322652,100310,230,5.4,-1.412802291,
2/6/2026 17:55:00,Light Snow,1.3,91.04894006,100410,290,11.16,-2.022237126,
2/6/2026 18:15:00,Cloudy,,,,,,,
2/6/2026 18:35:00,Cloudy,1.3,86.52966353,,300,16.56,-3.062319673,
2/6/2026 18:55:00,Cloudy,1.1,85.87907828,100540,300,24.12,-4.372538131,
2/6/2026 19:15:00,Cloudy,1,86.49874254,100540,300,11.16,-2.383518682,
2/6/2026 19:35:00,Cloudy,0.9,87.12339156,100580,280,12.96,-2.895962793,
2/6/2026 19:55:00,Cloudy,0.7,88.38782044,100610,,,,
2/6/2026 20:15:00,,0.7,85.83595792,100610,300,18.36,-4.09681393,
2/6/2026 20:35:00,Cloudy,0.5,85.18578601,100680,300,18.36,-4.347332112,
2/6/2026 20:55:00,Cloudy,0.5,82.7122802,100750,300,14.76,-3.736997181,
2/6/2026 21:15:00,Cloudy,0.3,81.47202728,100750,290,16.56,-4.304577138,
2/6/2026 21:35:00,Cloudy,0,80.22975039,100780,300,24.12,-5.781367351,
2/6/2026 21:55:00,Cloudy,-0.3,79.59013538,100810,300,22.32,-5.929968435,
2/6/2026 22:15:00,Cloudy,-0.7,78.34720899,100850,,,,
2/6/2026 22:35:00,Cloudy,-1,78.88989978,100880,310,24.12,-7.062121188,
2/6/2026 22:55:00,Cloudy,-1,78.29947337,100920,290,18.36,-6.226218479,
2/6/2026 23:15:00,Cloudy,-1.2,80.65616323,100920,300,18.36,-6.476736661,
2/6/2026 23:35:00,Cloudy,-1.3,80.64172922,100950,,,,
2/6/2026 23:55:00,Cloudy,-1.4,80.62727977,,300,20.52,-7.068116872,
2/7/2026 0:15:00,Light Snow,-1.3,75.92461048,100920,290,16.56,-6.292189081,
2/7/2026 0:35:00,Light Snow,-1.5,76.46631355,100950,270,9.36,-4.906110819,
2/7/2026 0:55:00,Light Snow,-1.5,77.04681451,100920,290,12.96,-5.820081623,
2/7/2026 1:15:00,Light Snow,-1.4,75.33477249,100920,290,11.16,-5.273771131,
2/7/2026 1:35:00,Light Snow,-1.5,78.21958079,100920,290,18.36,-6.852513935,
2/7/2026 1:55:00,Cloudy,-1.3,78.25158793,100880,300,24.12,-7.446347339,
2/7/2026 2:15:00,Light Snow,-1.5,80.00848572,100880,300,18.36,-6.852513935,
2/7/2026 2:35:00,Light Snow,-1.8,83.65847239,100920,300,14.76,-6.568143557,
2/7/2026 2:55:00,Snow,-2.2,92.16335641,100920,300,14.76,-7.06051684,
2/7/2026 3:15:00,Heavy Snow,-2.1,92.85824572,100920,290,14.76,-6.937423519,
2/7/2026 3:35:00,Light Snow,-2,86.83200231,100920,300,22.32,-8.093428379,
2/7/2026 3:55:00,Light Snow,-2.9,84.15595536,100950,,,,
2/7/2026 4:15:00,Snow,-4,78.41562788,101050,,,,
2/7/2026 4:35:00,Light Snow,-4.3,72.52038664,101080,,,,
2/7/2026 5:15:00,Haze,-4.6,62.39625267,101220,310,37.08,-13.23562406,
2/7/2026 5:35:00,Haze,-5.3,56.96586079,101250,310,29.52,-13.30532396,
2/7/2026 5:55:00,Light Snow,-6.2,47.354761,101290,,,,
2/7/2026 6:15:00,Light Snow,-6.6,49.2319296,101320,,,,
2/7/2026 6:35:00,Clear,-7.1,52.87717007,101390,,,,
2/7/2026 6:55:00,Clear,-7.7,58.18317163,101420,,,,
2/7/2026 7:15:00,Clear,-8.1,60.50846936,101490,,,,
2/7/2026 7:35:00,Clear,-8.5,58.44553911,101560,,,,
2/7/2026 7:55:00,Clear,-8.5,52.90775227,101590,300,24.12,-16.66777496,
2/7/2026 8:15:00,Clear,-9,52.32107303,101660,300,24.12,-17.30815188,
2/7/2026 8:35:00,Clear,-9,50.16851973,101690,310,22.32,-17.00179286,
2/7/2026 8:55:00,Clear,-9.1,51.85444441,101760,300,27.72,-17.99682972,
2/7/2026 9:15:00,Clear,-9.2,53.14655636,101800,310,25.92,-17.85354993,
2/7/2026 9:35:00,Clear,-9.1,54.527138,101800,300,27.72,-17.99682972,
2/7/2026 9:55:00,Clear,-9,54.10219838,101830,310,27.72,-17.86727051,
2/7/2026 10:15:00,Clear,-8.7,55.09849137,101860,,,,
2/7/2026 10:35:00,Clear,-8.6,53.32153305,101860,,,,
2/7/2026 10:55:00,Clear,-8.4,52.06136298,101900,,,,
2/7/2026 11:15:00,Clear,-7.9,52.20851143,101860,300,25.92,-16.17864354,
2/7/2026 11:35:00,Clear,-7.5,48.96030973,101860,300,24.12,-15.38702113,
2/7/2026 11:55:00,Clear,-7.3,47.01795846,101860,,,,
2/7/2026 12:15:00,Clear,-7,46.71864454,101830,,,,
2/7/2026 12:35:00,Clear,-6.7,44.89826628,101830,300,24.12,-14.36241806,
2/7/2026 12:55:00,Clear,-6.6,43.4502124,101830,,,,
2/7/2026 13:15:00,Clear,-6.3,41.06118905,101800,300,27.72,-14.36917194,
2/7/2026 13:55:00,Clear and Windy,-5.9,39.49309177,101800,300,31.68,-14.35432822,
2/7/2026 14:15:00,Clear,-5.6,37.95670403,101800,300,18.36,-11.98813667,
2/7/2026 14:35:00,Clear,-5.5,37.03874771,101800,300,27.72,-13.33269829,
2/7/2026 14:55:00,Clear,-5.5,35.20273833,101800,290,25.92,-13.08650868,
2/7/2026 15:15:00,Clear,-5.5,35.80547965,101830,300,20.52,-12.25019871,
2/7/2026 15:35:00,Clear,-5.3,36.17396072,101830,300,22.32,-12.29308592,
2/7/2026 15:55:00,Clear,-5.5,35.50296406,101860,300,20.52,-12.25019871,
2/7/2026 16:15:00,Clear,-5.5,35.20273833,101860,300,20.52,-12.25019871,
2/7/2026 16:35:00,Clear,-5.6,35.17089131,101930,300,20.52,-12.37659095,
2/7/2026 16:55:00,Clear,-6,33.86524798,101930,290,22.32,-13.18392237,
2/7/2026 17:15:00,Clear,-6.3,34.06071806,101970,300,25.92,-14.1172203,
2/7/2026 17:35:00,Clear,-6.5,35.48638231,102030,290,18.36,-13.11546849,
2/7/2026 17:55:00,Clear,-6.8,36.62382953,102070,300,22.32,-14.20202116,
2/7/2026 18:15:00,Clear,-7.1,38.77946312,102070,290,16.56,-13.49728238,
2/7/2026 18:35:00,Clear,-7.5,40.33573405,102100,290,18.36,-14.3680594,
2/7/2026 18:55:00,Clear,-7.6,39.62238279,,280,9.36,-12.15351973,
2/7/2026 19:15:00,Clear,,,,,,,
2/7/2026 19:35:00,Clear,-8,40.8684066,102170,280,7.56,-11.93054892,
2/7/2026 19:55:00,Clear,-8,41.92680068,,250,5.4,-10.87784094,
2/7/2026 20:15:00,Clear,-8.2,39.43037913,102170,260,5.4,-11.10591416,
2/7/2026 20:35:00,Clear,-8.2,38.42706737,102200,260,7.56,-12.16436195,
2/7/2026 20:55:00,Clear,-8.5,42.85147186,102200,280,9.36,-13.22280957,
2/7/2026 21:15:00,Clear,-8.6,44.30402451,102240,270,7.56,-12.631988,
2/7/2026 21:35:00,Clear,-8.8,46.5548126,102270,0,0,,
2/7/2026 21:55:00,Clear,-9.1,48.06484912,,270,11.16,-14.54666441,
2/7/2026 22:15:00,Clear,-9,43.80247425,102300,260,7.56,-13.09961406,
2/7/2026 22:35:00,Clear,-9,43.42975498,102300,270,5.4,-12.01820704,
2/7/2026 22:55:00,Clear,-9.4,47.16436253,102270,250,5.4,-12.47435348,
2/7/2026 23:15:00,Clear,-9.5,49.17784708,102300,260,11.16,-15.02837315,
2/7/2026 23:35:00,Clear,-9.6,49.98736021,102300,250,9.36,-14.52971937,
2/7/2026 23:55:00,Clear,-10,52.02522713,,270,9.36,-15.0049593,
2/8/2026 0:15:00,Clear,-10.2,52.4077972,102340,270,9.36,-15.24257926,
2/8/2026 0:35:00,Clear,-10.6,53.18453128,102340,280,7.56,-14.97011827,
2/8/2026 0:55:00,Clear,-10.6,49.68372208,102340,280,7.56,-14.97011827,
2/8/2026 1:15:00,Clear,-10.8,50.47851482,102340,270,11.16,-16.59392656,
2/8/2026 1:35:00,Clear,-11.2,53.4614907,102300,270,9.36,-16.43067909,
2/8/2026 1:55:00,Clear,-11.2,53.4614907,102300,270,7.56,-15.67155735,
2/8/2026 2:15:00,,-11.2,54.84351698,102270,260,7.56,-15.67155735,
2/8/2026 2:35:00,Clear,-11.2,54.84351698,102300,280,11.16,-17.0756353,
2/8/2026 2:55:00,Clear,-11,53.06679561,102300,280,7.56,-15.43774432,
2/8/2026 3:15:00,Clear,-11.2,55.78254775,102300,260,5.4,-14.52701247,
2/8/2026 3:35:00,Clear,-11.2,55.78254775,102340,290,7.56,-15.67155735,
2/8/2026 3:55:00,Clear,-11.5,58.60438422,102340,260,11.16,-17.43691686,
2/8/2026 4:15:00,Clear,-11.5,58.60438422,102340,260,5.4,-14.8691223,
2/8/2026 4:35:00,Clear,-11.5,58.60438422,102300,0,0,,
2/8/2026 4:55:00,Clear,-11.5,59.10196294,102340,240,5.4,-14.8691223,
2/8/2026 5:15:00,Clear,-11.6,59.5762937,102370,0,0,,
2/8/2026 5:35:00,Clear,-11.5,58.60438422,102410,250,7.56,-16.02227688,
2/8/2026 5:55:00,Clear,-11.7,59.54924524,102410,230,5.4,-15.09719552,
2/8/2026 6:15:00,Clear,-11.6,58.57693187,102440,240,9.36,-16.90591901,
2/8/2026 6:35:00,Clear,-11.9,60.00112225,102410,260,9.36,-17.26234896,
2/8/2026 6:55:00,Clear,-11.6,58.57693187,102440,250,11.16,-17.55734404,
2/8/2026 7:15:00,Clear,-11.5,57.13406264,102470,240,9.36,-16.78710903,
2/8/2026 7:35:00,Clear,-11.5,57.13406264,102510,260,9.36,-16.78710903,
2/8/2026 7:55:00,Clear,-11.3,55.75400358,102510,260,11.16,-17.19606249,
2/8/2026 8:15:00,Clear,-10.9,53.54949856,102470,290,5.4,-14.18490264,
2/8/2026 8:35:00,Clear,-10.3,51.93604562,102510,270,5.4,-13.50068298,
2/8/2026 8:55:00,Clear,-9.7,48.28931535,102540,270,5.4,-12.81646331,
2/8/2026 9:15:00,Partly Cloudy,-9.1,46.8578937,102570,270,9.36,-13.93566946,
2/8/2026 9:35:00,Cloudy,-8.5,44.71358379,102610,270,11.16,-13.82410129,
2/8/2026 9:55:00,Cloudy,-7.9,41.95854296,,280,7.56,-11.81364241,
2/8/2026 10:15:00,Cloudy,,,,,,,
2/8/2026 11:15:00,,-7,37.51003063,102610,270,7.56,-10.76148379,
2/8/2026 11:35:00,Cloudy,-6.6,36.37591317,102570,240,9.36,-10.96541991,
2/8/2026 11:55:00,Cloudy,-6.1,35.01146793,102610,260,9.36,-10.37137,
2/8/2026 12:15:00,,-5.8,34.22013847,102570,250,11.16,-10.57256729,
2/8/2026 12:35:00,Cloudy,-4.9,35.99631245,102540,260,7.56,-8.306447018,
2/8/2026 12:55:00,Cloudy,-4.2,34.43694044,102510,260,11.16,-8.645732323,
2/8/2026 13:15:00,Cloudy,-3.7,34.88644979,102470,240,11.16,-8.043596396,
2/8/2026 13:35:00,Cloudy,-3.3,36.50288123,102470,250,11.16,-7.561887654,
2/8/2026 13:55:00,Cloudy,-3.4,37.70400464,102440,240,11.16,-7.682314839,
2/8/2026 14:15:00,Mostly Cloudy,-2.7,35.79128642,102410,250,9.36,-6.331830605,
2/8/2026 14:35:00,Partly Cloudy,-2.9,36.32652932,102410,250,11.16,-7.080178912,
2/8/2026 14:55:00,Clear,-3.2,36.53442897,102370,240,11.16,-7.441460469,
2/8/2026 15:15:00,Clear,-2.7,34.91042065,102370,250,11.16,-6.839324542,
2/8/2026 15:35:00,Clear,-2,33.98587532,102410,240,9.36,-5.50016073,
2/8/2026 16:35:00,Clear,-2,33.98587532,102410,250,7.56,-4.916158137,
2/8/2026 16:55:00,Clear,-2.1,32.03160739,102410,240,5.4,-4.149680936,
2/8/2026 17:15:00,Clear,-2.5,32.175074,102410,270,5.4,-4.605827377,
2/8/2026 17:35:00,Clear,-2.8,32.08112236,102440,280,5.4,-4.947937208,
2/8/2026 17:55:00,Clear,-3.8,38.8478496,,270,5.4,-6.08830331,
2/8/2026 18:15:00,Clear,-3.8,36.95675921,102440,0,0,,
2/8/2026 18:35:00,Clear,-3.7,36.37655705,102440,0,0,,
2/8/2026 18:55:00,Clear,-4,38.14494812,102470,220,7.56,-7.254288399,
2/8/2026 19:15:00,Clear,-3.6,33.20207232,102510,0,0,,
2/8/2026 19:35:00,Clear,-4.8,39.18171405,102510,0,0,,
2/8/2026 19:55:00,Clear,-4.8,38.53192637,102510,0,0,,
2/8/2026 20:15:00,Clear,-5.3,40.01689708,102510,0,0,,
2/8/2026 20:35:00,Clear,-5.5,39.61992709,102540,0,0,,
2/8/2026 20:55:00,Clear,-5.7,39.22527572,102540,0,0,,
2/8/2026 21:15:00,Clear,-6.1,40.78033649,102570,0,0,,
2/8/2026 21:35:00,Partly Cloudy,-6.7,42.33808747,102570,0,0,,
2/8/2026 21:55:00,Mostly Cloudy,-6.1,39.76346125,102570,0,0,,
2/8/2026 22:15:00,Partly Cloudy,-6,38.47476885,102570,0,0,,
2/8/2026 22:35:00,Clear,-6.6,44.5554079,102610,0,0,,
2/8/2026 23:15:00,Clear,-7.6,46.53374729,102570,0,0,,
2/8/2026 23:35:00,Clear,-7.7,48.49273193,102570,0,0,,
2/8/2026 23:55:00,Clear,-7.6,50.16905333,102570,0,0,,
2/9/2026 0:15:00,Clear,-9.2,59.7221386,102570,0,0,,
2/9/2026 0:35:00,Clear,-9.7,62.62926131,102570,0,0,,
2/9/2026 0:55:00,Clear,-9.1,59.74882746,102570,0,0,,
2/9/2026 1:15:00,Clear,-10.5,66.16229601,102570,0,0,,
2/9/2026 1:35:00,Clear,-10.2,65.14749322,102570,0,0,,
2/9/2026 1:55:00,Clear,-10.6,65.59237974,102570,0,0,,
2/9/2026 2:15:00,,-10.3,59.42705199,102570,0,0,,
2/9/2026 2:35:00,Clear,-11.2,68.79650844,102570,0,0,,
2/9/2026 2:55:00,Clear,-10.8,66.641664,102570,0,0,,
2/9/2026 3:15:00,Clear,-11.2,67.66354659,102570,0,0,,
2/9/2026 3:35:00,Clear,-11.5,71.05002252,102570,0,0,,
2/9/2026 3:55:00,Clear,-11.4,68.18241075,102610,0,0,,
2/9/2026 4:15:00,,-12,69.19180241,102610,0,0,,
2/9/2026 4:35:00,Clear,-12.2,76.40487097,102610,0,0,,
2/9/2026 4:55:00,Clear,-11.6,70.4418093,102610,0,0,,
2/9/2026 5:15:00,,-12.4,72.65454158,102610,0,0,,
2/9/2026 5:35:00,Clear,-11.6,67.00979449,102610,0,0,,
2/9/2026 5:55:00,Clear,-11.8,71.57851154,102540,0,0,,
2/9/2026 6:15:00,Clear,-11.9,72.15447235,102570,0,0,,
2/9/2026 6:35:00,Clear,-12.5,74.47186383,102570,0,0,,
2/9/2026 6:55:00,Clear,-12.2,70.9013091,102570,0,0,,
2/9/2026 7:15:00,Clear,-11.9,70.96517224,102570,0,0,,
2/9/2026 7:35:00,Clear,-12,72.73557228,102570,0,0,,
2/9/2026 7:55:00,Clear,-11.5,71.05002252,102610,0,0,,
2/9/2026 8:15:00,Clear,-10.3,64.5859412,102610,0,0,,
2/9/2026 8:35:00,Clear,-8.4,61.42992398,102610,0,0,,
2/9/2026 8:55:00,Clear,,,102610,0,0,,
2/9/2026 9:15:00,Clear,,,,,,,
2/9/2026 9:35:00,Clear,-6,50.23142212,102570,0,0,,
2/9/2026 9:55:00,Partly Cloudy,-5.1,45.76904152,102570,0,0,,
2/9/2026 10:15:00,Mostly Cloudy,-4.5,46.33094725,102610,0,0,,
2/9/2026 10:35:00,Cloudy,-3.8,46.54416366,102610,0,0,,
2/9/2026 10:55:00,Cloudy,-3,44.2060623,102570,0,0,,
2/9/2026 11:15:00,,-2.5,45.8168487,102570,0,0,,
2/9/2026 11:35:00,Cloudy,-1.5,42.56039935,102540,0,0,,
2/9/2026 11:55:00,Cloudy,-0.6,43.18127377,102510,0,0,,
2/9/2026 12:15:00,Cloudy,-0.5,47.16215378,102440,0,0,,
2/9/2026 12:35:00,Cloudy,0.8,43.95412373,102440,0,0,,
2/9/2026 12:55:00,Cloudy,1,42.98502075,102370,0,0,,
2/9/2026 13:35:00,Cloudy,1.7,43.88113054,102300,330,5.4,0.183710252,
2/9/2026 14:15:00,Cloudy,1.6,46.31940799,102270,330,5.4,0.069673642,
2/9/2026 14:55:00,Cloudy,2,44.31682417,102200,0,0,,
2/9/2026 15:15:00,,2.9,42.88811667,102170,0,0,,
2/9/2026 15:35:00,Partly Cloudy,3.5,40.7891676,102170,0,0,,
2/9/2026 16:15:00,,3.7,40.85001439,102170,100,5.4,2.464442457,
2/9/2026 16:35:00,Partly Cloudy,3,43.59084262,102170,90,9.36,0.440338377,
2/9/2026 17:35:00,Cloudy,1.9,41.59195721,102170,120,9.36,-0.866571427,
2/9/2026 17:55:00,Mostly Cloudy,1.5,40.49701281,102170,120,9.36,-1.341811355,
2/9/2026 18:15:00,Clear,0.9,42.61606502,102170,120,9.36,-2.054671248,
2/9/2026 18:35:00,Clear,0.2,48.8824472,102200,110,5.4,-1.526838901,
2/9/2026 19:35:00,Clear,-0.9,54.6379158,102270,0,0,,
2/9/2026 19:55:00,Clear,-1.6,55.74063665,102270,0,0,,
2/9/2026 20:15:00,Clear,-1.9,58.33912922,,0,0,,
2/9/2026 20:35:00,Clear,-2.1,59.20574089,102270,0,0,,
2/9/2026 20:55:00,Clear,-2.5,62.42801063,,0,0,,
2/9/2026 21:15:00,Clear,-3,66.83697779,102270,0,0,,
2/9/2026 21:35:00,Clear,-3.6,72.09727669,102270,0,0,,
2/9/2026 21:55:00,Clear,-3.8,72.05747361,102200,0,0,,
2/9/2026 22:15:00,Clear,-4.1,72.55973691,102200,0,0,,
2/9/2026 22:35:00,Clear,-4.3,73.08706854,102200,0,0,,
2/9/2026 22:55:00,Clear,-4,71.45967594,102170,0,0,,
2/9/2026 23:15:00,Clear,-4,70.90561207,102170,0,0,,
2/9/2026 23:35:00,Clear,-4.9,77.06390562,102130,0,0,,
2/9/2026 23:55:00,Clear,-4.3,74.81084725,102100,0,0,,
2/10/2026 0:15:00,Clear,-4.4,73.63865382,102100,0,0,,
2/10/2026 0:35:00,Clear,-4.3,71.39874719,102100,0,0,,
2/10/2026 0:55:00,Clear,-5.1,75.83851523,102100,0,0,,
2/10/2026 1:15:00,Clear,-5.6,78.15646311,102070,0,0,,
2/10/2026 1:35:00,Clear,-5.7,78.14011866,102070,0,0,,
2/10/2026 1:55:00,Clear,-5.5,76.96167815,102070,0,0,,
2/10/2026 2:15:00,Clear,-5.9,80.58715429,102030,0,0,,
2/10/2026 2:35:00,Clear,-5.6,76.34493488,102030,0,0,,
2/10/2026 2:55:00,Clear,-5.8,77.51492459,102030,0,0,,
2/10/2026 3:15:00,,-5.6,73.98777517,102000,0,0,,
2/10/2026 3:35:00,Clear,-6,76.27484152,102000,0,0,,
2/10/2026 3:55:00,Clear,-6.4,79.26049751,102000,0,0,,
2/10/2026 4:15:00,,-6.3,79.27615912,101970,0,0,,
2/10/2026 4:35:00,Clear,-6.5,82.41171068,101930,0,0,,
2/10/2026 4:55:00,Clear,-6.7,79.83879968,101970,0,0,,
2/10/2026 5:15:00,Clear,-6.2,77.4477373,101970,0,0,,
2/10/2026 5:35:00,Clear,-6,78.70486435,101970,0,0,,
2/10/2026 5:55:00,Clear,-6.6,81.11724042,101970,0,0,,
2/10/2026 6:15:00,Clear,-6.3,81.16049641,102000,0,0,,
2/10/2026 6:35:00,Clear,-6,82.47927933,102000,0,0,,
2/10/2026 6:55:00,Clear,-6.3,83.73497035,102000,0,0,,
2/10/2026 7:15:00,Clear,-6.1,83.76017986,102000,0,0,,
2/10/2026 7:35:00,Clear,-6.2,83.74758218,102030,0,0,,
2/10/2026 7:55:00,Clear,-5.6,83.1757849,102030,0,0,,
2/10/2026 8:15:00,Clear,-4.7,79.52446569,102070,0,0,,
2/10/2026 8:35:00,Clear,-3.3,73.84700038,102070,0,0,,
2/10/2026 8:55:00,Clear,-2.3,70.16645935,102100,0,0,,
2/10/2026 9:15:00,Clear,,,,,,,
2/10/2026 9:35:00,Clear,0.4,61.24136399,102100,0,0,,
2/10/2026 9:55:00,Clear,1.5,62.45240318,102070,0,0,,
2/10/2026 10:15:00,Clear,,,,,,,
2/10/2026 10:35:00,Clear,4.7,61.84035648,102070,0,0,,
2/10/2026 10:55:00,Clear,5.5,62.49014846,102070,0,0,,
2/10/2026 11:15:00,Clear,7,59.73789449,102030,280,7.56,5.605428045,
2/10/2026 11:55:00,Clear,9.2,55.30965547,101930,280,5.4,8.73645602,
2/10/2026 12:15:00,Clear,,,,,,,
2/10/2026 12:35:00,Clear,11.3,52.77133288,101860,270,7.56,,
2/10/2026 13:15:00,Clear,13,51.02255601,,270,7.56,,
2/10/2026 13:35:00,Clear,14.1,51.32240409,101730,270,5.4,,
2/10/2026 13:55:00,Clear,15.4,50.96168296,101730,250,7.56,,
2/10/2026 14:15:00,Clear,15.2,56.47138903,101690,250,9.36,,
2/10/2026 14:35:00,Clear,14.9,59.17366298,101660,260,12.96,,
2/10/2026 14:55:00,Clear,14.5,60.71978896,101630,270,11.16,,
2/10/2026 15:15:00,Clear,14.5,62.40416538,101630,250,5.4,,
2/10/2026 15:35:00,Clear,14,66.23846848,101630,270,7.56,,
2/10/2026 15:55:00,Clear,14.1,68.08468277,101590,250,7.56,,
2/10/2026 16:15:00,Clear,14,68.52736697,101590,270,12.96,,
2/10/2026 16:35:00,Clear,13.8,69.89459385,101560,250,9.36,,
2/10/2026 16:55:00,Clear,13.5,70.78970368,101560,250,7.56,,
2/10/2026 17:15:00,Clear,13.4,72.71466709,,260,9.36,,
2/10/2026 17:35:00,Clear,12.9,75.12668397,101520,250,5.4,,
2/10/2026 17:55:00,Clear,12,78.09443677,101560,0,0,,
2/10/2026 18:15:00,,9.8,85.59621054,101560,0,0,,
2/10/2026 18:35:00,Clear,8.6,89.06695309,101560,0,0,,
2/10/2026 18:55:00,Clear,9.1,90.95029518,101560,0,0,,
2/10/2026 19:35:00,Clear,5.9,97.26865706,101560,0,0,,
2/10/2026 19:55:00,Fog/Mist,5.2,97.25343289,101520,0,0,,
2/10/2026 20:15:00,Fog/Mist,5.1,97.25124767,101520,0,0,,
2/10/2026 20:35:00,Clear,4.9,97.92879127,101460,0,0,,
2/10/2026 20:55:00,Fog/Mist,5.7,99.30978064,101460,0,0,,
2/10/2026 21:15:00,Fog/Mist,,,101390,0,0,,
2/10/2026 21:35:00,Fog/Mist,4.7,100,101360,0,0,,
2/10/2026 21:55:00,Fog/Mist,5.3,100,101320,0,0,,
2/10/2026 22:15:00,Fog/Mist,6,100,101320,0,0,,
2/10/2026 22:35:00,Fog/Mist,6,100,101290,0,0,,
2/10/2026 22:55:00,Fog/Mist,6.1,100,101290,0,0,,
2/10/2026 23:15:00,Fog/Mist,6.1,99.311988,101250,290,5.4,5.201321102,
2/10/2026 23:35:00,Partly Cloudy,6.5,100,101250,280,5.4,5.657467543,
2/10/2026 23:55:00,Mostly Cloudy,6.5,97.28160631,101250,270,5.4,5.657467543,
2/11/2026 0:15:00,Mostly Cloudy,7.4,95.3189389,101250,260,7.56,6.073054098,
2/11/2026 0:35:00,Mostly Cloudy,11.4,82.3580364,101190,250,9.36,,
2/11/2026 0:55:00,Partly Cloudy,10,85.03575776,101190,280,5.4,,
2/11/2026 1:15:00,Clear,8.8,89.69509991,101190,0,0,,
2/11/2026 1:35:00,Mostly Cloudy,8.7,89.68732409,101190,280,7.56,7.592838769,
2/11/2026 1:55:00,Cloudy,8.7,89.68732409,101150,260,7.56,7.592838769,
2/11/2026 2:15:00,Cloudy,8.9,89.70286712,101190,290,5.4,8.394346189,
2/11/2026 2:35:00,Cloudy,8.4,89.66394481,101220,300,9.36,6.856077412,
2/11/2026 2:55:00,Cloudy,8.7,90.30318824,101190,300,7.56,7.592838769,
2/11/2026 3:15:00,Cloudy,9.7,87.95210903,101190,290,5.4,9.306639071,
2/11/2026 3:35:00,Cloudy,9.3,88.51840735,101190,300,9.36,7.925367251,
2/11/2026 3:55:00,Cloudy,10.7,88.63771163,101190,300,11.16,,
2/11/2026 4:15:00,Cloudy,10.5,88.0235478,,300,12.96,,
2/11/2026 4:35:00,Cloudy,10.3,85.64896396,101250,290,14.76,,
2/11/2026 4:55:00,,9.8,81.59252591,101220,300,18.36,7.301763363,
2/11/2026 5:15:00,Mostly Cloudy,9.5,65.71446324,101220,290,20.52,6.708637271,
2/11/2026 5:35:00,Partly Cloudy,8.6,68.84560764,101250,290,14.76,6.233561797,
2/11/2026 5:55:00,Partly Cloudy,8.2,68.27701654,101290,300,20.52,5.065538153,
2/11/2026 6:15:00,Partly Cloudy,7.7,66.72898625,101320,300,14.76,5.125721911,
2/11/2026 6:35:00,Partly Cloudy,7.3,67.12057163,,290,12.96,4.901687421,
2/11/2026 6:55:00,Mostly Cloudy,7.6,51.3790391,101390,280,9.36,5.905597555,
2/11/2026 7:15:00,,7.2,56.40441255,101390,300,12.96,4.779849136,
2/11/2026 7:35:00,Mostly Cloudy,6.9,52.71954854,,290,11.16,4.721685257,
2/11/2026 7:55:00,,6.4,60.90639572,101520,290,7.56,4.903988967,
2/11/2026 8:15:00,,6.9,57.15602835,,300,9.36,5.07392768,
2/11/2026 8:35:00,Cloudy,6.4,62.25100397,101560,260,7.56,4.903988967,
2/11/2026 8:55:00,Mostly Cloudy,6.2,63.11476807,101590,260,9.36,4.242257805,
2/11/2026 9:15:00,Clear,6.5,59.17894555,101560,270,7.56,5.02089548,
2/11/2026 9:35:00,Clear,7.1,55.15341984,101560,280,12.96,4.658010852,
2/11/2026 9:55:00,Clear,7.2,52.80199493,101560,300,12.96,4.779849136,
2/11/2026 10:15:00,Clear,7.4,49.82941712,101560,300,16.56,4.515450861,
2/11/2026 10:35:00,Clear,7.6,48.43149102,101560,290,11.16,5.564675554,
2/11/2026 10:55:00,Clear,7.7,48.46009561,101560,300,16.56,4.8881281,
2/11/2026 11:15:00,Clear,8,45.07599913,101590,300,20.52,4.812753673,
2/11/2026 11:35:00,Clear,8.1,45.78093614,101590,300,18.36,5.172358814,
2/11/2026 11:55:00,Clear,8.5,42.60894156,101590,300,14.76,6.110468477,
2/11/2026 12:15:00,Clear,8.6,42.9576617,101590,280,9.36,7.093697376,
2/11/2026 12:35:00,Clear,8.5,38.06815392,101560,310,14.76,6.110468477,
2/11/2026 12:55:00,Clear,8.7,35.61526846,101560,300,24.12,5.361191028,
2/11/2026 13:35:00,Clear,9,28.356016,101520,300,20.52,6.076676071,
2/11/2026 13:55:00,Clear,9.1,27.08861438,101520,300,22.32,6.032692436,
2/11/2026 14:15:00,Clear,9.1,28.8298151,101520,300,12.96,7.094776543,
2/11/2026 14:35:00,Clear,9.1,29.28039012,101520,320,29.52,5.449407172,
2/11/2026 15:15:00,,9.1,25.24224616,101520,310,22.32,6.032692436,
2/11/2026 15:35:00,Clear,8.9,29.44881924,101560,290,16.56,6.378837058,
2/11/2026 15:55:00,Clear,9,31.11621722,101560,310,18.36,6.299690634,
2/11/2026 16:15:00,Clear,8.6,31.47926191,101590,310,14.76,6.233561797,
2/11/2026 16:35:00,Clear,8.6,32.71454888,101590,,,,
2/11/2026 16:55:00,Clear,8,34.60007257,101630,310,14.76,5.495001873,
2/11/2026 17:15:00,Clear,7.3,36.01358031,101630,320,14.76,4.633348628,
2/11/2026 17:35:00,Clear,6.6,37.49462142,101660,310,12.96,4.048819429,
2/11/2026 17:55:00,Clear,6,39.98699686,101660,300,7.56,4.436362914,
2/11/2026 18:55:00,Clear,5,44.8694657,101800,290,12.96,2.099406875,
2/11/2026 19:15:00,Clear,4.7,45.81768815,101830,290,9.36,2.460108073,
2/11/2026 19:35:00,Clear,4.4,49.34528108,101830,300,18.36,0.537772442,
2/11/2026 19:55:00,Clear,4,53.10287617,101860,280,12.96,0.881024029,
2/11/2026 20:15:00,Clear,3.7,55.89226002,101860,280,12.96,0.515509176,
2/11/2026 20:35:00,Clear,3.7,56.73800568,101900,300,14.76,0.201989082,
2/11/2026 20:55:00,Partly Cloudy,3.6,59.76306365,101860,280,11.16,0.747588138,
2/11/2026 21:15:00,Cloudy,3.5,62.00680025,101900,290,16.56,-0.329353251,
2/11/2026 21:35:00,Cloudy,3.3,63.35715206,101900,290,14.76,-0.290384201,
2/11/2026 21:55:00,Cloudy,3.5,61.0901514,101860,290,14.76,-0.044197559,
2/11/2026 22:15:00,Mostly Cloudy,3,60.96604685,101860,290,11.16,0.025025026,
2/11/2026 22:35:00,Partly Cloudy,2.6,61.32497686,101900,280,14.76,-1.152037446,
2/11/2026 22:55:00,Partly Cloudy,2.3,59.43220221,101860,290,14.76,-1.521317408,
2/11/2026 23:15:00,Clear,2.3,55.09437006,101860,290,9.36,-0.391331498,
2/11/2026 23:35:00,Clear,2.1,54.62168252,101900,290,9.36,-0.628951462,
2/11/2026 23:55:00,Clear,1.8,56.23101844,101900,290,18.36,-2.718963927,
2/12/2026 0:15:00,Clear,1.8,56.23101844,101900,300,16.56,-2.441190941,
2/12/2026 0:35:00,Clear,1.5,57.45096507,101930,290,11.16,-1.781382755,
2/12/2026 0:55:00,Clear,1.3,56.96117879,101900,,,,
2/12/2026 1:15:00,Clear,1,57.31843507,101900,290,14.76,-3.121530577,
2/12/2026 1:35:00,Clear,0.9,57.29186653,101930,290,20.52,-4.161095356,
2/12/2026 1:55:00,Clear,0.5,59.42167429,101930,280,14.76,-3.736997181,
2/12/2026 2:15:00,Clear,0.3,60.28692279,101930,280,12.96,-3.6269925,
2/12/2026 2:35:00,Clear,0.1,61.16622498,101930,290,18.36,-4.848368477,
2/12/2026 2:55:00,Clear,0,62.08452469,101930,270,16.56,-4.677254377,
2/12/2026 3:15:00,Clear,-0.2,62.99229948,101900,280,12.96,-4.236183923,
2/12/2026 3:35:00,Clear,-0.5,64.8759637,101930,280,14.76,-4.967930388,
2/12/2026 3:55:00,Clear,-0.7,66.84162062,101970,290,18.36,-5.850441206,
2/12/2026 4:15:00,Clear,-0.8,67.33113826,101970,280,16.56,-5.671060349,
2/12/2026 4:35:00,Clear,-1,67.80265096,101970,290,16.56,-5.919511842,
2/12/2026 4:55:00,Clear,-1,68.32219064,101930,290,16.56,-5.919511842,
2/12/2026 5:15:00,Clear,-1.1,68.82379724,101930,280,12.96,-5.332728485,
2/12/2026 5:35:00,Clear,-1.3,69.30827691,101970,290,14.76,-5.952676954,
2/12/2026 5:55:00,Clear,-1.4,68.75926383,101970,270,12.96,-5.698243338,
2/12/2026 6:15:00,Clear,-1.2,65.21066358,102000,270,16.56,-6.167963334,
2/12/2026 6:35:00,Clear,-1.5,66.15081916,102000,290,16.56,-6.540640574,
2/12/2026 6:55:00,Clear,-1.6,67.15260372,101970,280,12.96,-5.941919908,
2/12/2026 7:15:00,Clear,-1.7,67.13019409,102000,280,12.96,-6.063758192,
2/12/2026 7:35:00,Clear,-1.6,66.63850463,102030,270,11.16,-5.514625502,
2/12/2026 7:55:00,Clear,-1.4,66.68378639,102030,270,12.96,-5.698243338,
2/12/2026 8:15:00,Clear,-1,66.26505009,102030,280,11.16,-4.79206239,
2/12/2026 8:35:00,Clear,-0.7,64.33441947,102070,280,12.96,-4.845375346,
2/12/2026 8:55:00,Clear,-0.2,61.56139625,102070,280,14.76,-4.598650426,
2/12/2026 9:15:00,Clear,0,59.29253147,102070,270,9.36,-3.123961087,
2/12/2026 9:35:00,Clear,0.4,58.04442027,102070,280,16.56,-4.180351391,
2/12/2026 9:55:00,Clear,0.8,54.26355196,102070,290,14.76,-3.367717219,
2/12/2026 10:15:00,Clear,1.4,52.37575532,102070,300,16.56,-2.938093927,
2/12/2026 10:35:00,Clear,1.6,49.29149423,102070,290,14.76,-2.382970653,
2/12/2026 12:35:00,Clear,4,37.5761089,102030,,,,
2/12/2026 12:55:00,Clear,4.1,35.59584682,102000,310,27.72,-0.89501449,
2/12/2026 13:15:00,Clear,4.4,35.13105087,102000,300,18.36,0.537772442,
2/12/2026 13:35:00,Clear,4.8,35.81004601,101970,300,12.96,1.855730306,
2/12/2026 13:55:00,Clear,4.7,34.6738549,101970,300,18.36,0.913549715,
2/12/2026 14:15:00,Clear,4.8,34.70440622,101930,300,20.52,0.768201998,
2/12/2026 14:35:00,Clear,4.7,34.40224974,101900,300,16.56,1.161355706,
2/12/2026 14:55:00,Clear,4.9,33.92575746,101930,310,14.76,1.679108931,
2/12/2026 15:15:00,Clear,5,35.87113775,101930,290,12.96,2.099406875,
2/12/2026 15:35:00,Clear,5,33.95626026,101930,290,12.96,2.099406875,
2/12/2026 15:55:00,Clear,4.9,34.46332651,,280,11.16,2.313141549,
2/12/2026 16:15:00,Clear,4.7,33.59877226,102000,300,16.56,1.161355706,
2/12/2026 16:35:00,Clear,4,36.12972035,102030,300,18.36,0.036736078,
2/12/2026 16:55:00,Clear,3.7,37.19083076,,310,22.32,-0.839474447,
2/12/2026 17:35:00,Clear,3.1,41.63141879,102070,310,22.32,-1.603048545,
2/12/2026 17:55:00,Clear,2.9,41.57060756,102070,300,12.96,-0.459197101,
2/12/2026 18:15:00,Clear,2.6,42.46435231,102100,320,22.32,-2.239360294,
2/12/2026 18:35:00,Clear,2.2,44.03207608,102100,320,16.56,-1.944287955,
2/12/2026 18:55:00,Clear,1.9,45.33663006,,320,14.76,-2.013690691,
2/12/2026 19:15:00,Clear,1.9,44.98421441,102100,330,16.56,-2.316965194,
2/12/2026 19:35:00,Clear,1.7,45.6317138,102130,310,16.56,-2.565416687,
2/12/2026 19:55:00,Clear,1.3,47.32598216,102130,300,7.56,-1.058243203,
2/12/2026 20:15:00,Clear,,,,,,,
2/12/2026 20:35:00,Clear,1.2,44.77369333,102100,310,16.56,-3.18654542,
2/12/2026 20:55:00,Clear,1.3,44.45346429,102100,300,12.96,-2.408609655,
2/12/2026 21:35:00,Clear,1,45.42189012,102100,300,16.56,-3.434996912,
2/12/2026 21:55:00,Clear,0.7,46.41387551,102100,300,12.96,-3.139639362,
2/12/2026 22:15:00,Clear,0.5,47.45972306,102100,300,12.96,-3.383315931,
2/12/2026 22:35:00,Clear,0.5,47.45972306,102100,300,12.96,-3.383315931,
2/12/2026 22:55:00,Clear,0.1,48.85308488,102100,300,9.36,-3.005151105,
2/12/2026 23:15:00,Clear,0.1,47.34092093,102130,290,9.36,-3.005151105,
2/12/2026 23:35:00,Clear,0,45.47931155,102130,290,11.16,-3.587790536,
2/12/2026 23:55:00,Clear,0,46.57068429,102130,300,7.56,-2.578027874,
2/13/2026 0:15:00,Clear,-0.1,49.17920122,102130,290,9.36,-3.242771069,
2/13/2026 0:35:00,Clear,0,48.06213683,102130,270,9.36,-3.123961087,
2/13/2026 0:55:00,Clear,-0.4,49.86972284,102170,280,7.56,-3.045653927,
2/13/2026 1:15:00,Clear,-1.3,56.70205061,102170,270,5.4,-3.237388054,
2/13/2026 1:35:00,Clear,-1.5,58.44484061,102170,270,5.4,-3.465461275,
2/13/2026 1:55:00,Clear,-1.3,58.04400616,102130,280,5.4,-3.237388054,
2/13/2026 2:15:00,Clear,-1.3,57.14626622,102130,270,5.4,-3.237388054,
2/13/2026 2:35:00,Clear,-1.2,55.85019199,102170,290,9.36,-4.549680873,
2/13/2026 2:55:00,Clear,-1.3,55.82283483,102170,280,5.4,-3.237388054,
2/13/2026 3:15:00,,-1.6,57.51338208,102130,0,0,,
2/13/2026 3:35:00,Clear,-1.5,56.64792448,102130,280,5.4,-3.465461275,
2/13/2026 3:55:00,,-1.6,57.51338208,102130,280,7.56,-4.448532084,
2/13/2026 4:15:00,Clear,-2,61.10912216,102130,280,7.56,-4.916158137,
2/13/2026 4:35:00,Clear,-2,60.16397548,102170,280,7.56,-4.916158137,
2/13/2026 4:55:00,Clear,-2.2,62.01764056,102170,290,9.36,-5.737780694,
2/13/2026 5:15:00,Clear,-2.2,62.01764056,102170,280,11.16,-6.237188615,
2/13/2026 5:35:00,Clear,-2.1,61.56151688,102200,280,9.36,-5.618970712,
2/13/2026 5:55:00,Clear,-2.1,61.08379294,102200,290,11.16,-6.116761429,
2/13/2026 6:15:00,Clear,-1.9,59.72221617,102240,290,11.16,-5.875907058,
2/13/2026 6:35:00,Clear,-2,61.10912216,102270,290,11.16,-5.996334244,
2/13/2026 6:55:00,Clear,-2.1,61.56151688,,290,11.16,-6.116761429,
2/13/2026 7:15:00,Clear,-2.4,64.42697599,102300,290,9.36,-5.975400658,
2/13/2026 7:35:00,Clear,-2.2,62.9902343,102300,290,9.36,-5.737780694,
2/13/2026 7:55:00,Clear,-2.5,65.92079118,102300,280,9.36,-6.094210641,
2/13/2026 8:15:00,Clear,-2.2,66.50216005,102340,280,7.56,-5.149971163,
2/13/2026 8:35:00,Clear,-1.1,63.25834325,102340,280,5.4,-3.009314834,
2/13/2026 8:55:00,Clear,-0.5,60.5474731,102340,280,9.36,-3.718010998,
2/13/2026 9:15:00,Clear,-0.1,59.2666396,102370,270,7.56,-2.694934387,
2/13/2026 9:35:00,Clear,0,58.83822331,102370,280,7.56,-2.578027874,
2/13/2026 9:55:00,Clear,0.3,58.018069,,280,11.16,-3.22650898,
2/13/2026 10:15:00,Clear,0.9,55.55964438,102410,290,14.76,-3.244623898,
2/13/2026 10:35:00,Clear,1.4,51.97342618,102410,290,12.96,-2.28677137,
2/13/2026 10:55:00,Clear,1.8,48.59149612,102410,300,14.76,-2.136784011,
2/13/2026 11:15:00,Clear,2.5,45.515987,102410,300,12.96,-0.946550239,
2/13/2026 11:35:00,Clear,2.9,43.90051705,102410,300,12.96,-0.459197101,
2/13/2026 11:55:00,Clear,3.1,40.35036322,102410,300,12.96,-0.215520532,
2/13/2026 12:15:00,Clear,3.6,40.81959864,102370,300,16.56,-0.205127505,
2/13/2026 12:35:00,Clear,4,39.37970599,102340,310,25.92,-0.846808175,
2/13/2026 12:55:00,Clear,4.2,38.23010738,102340,320,22.32,-0.203162699,
2/13/2026 13:15:00,,4.5,37.43574622,102270,310,16.56,0.912904214,
2/13/2026 13:35:00,Clear,4.9,35.8405979,102270,300,11.16,2.313141549,
2/13/2026 13:55:00,Clear,5.3,35.40599558,102240,310,12.96,2.464921729,
2/13/2026 14:15:00,Clear,5.6,34.40696409,102200,290,12.96,2.830436583,
2/13/2026 14:35:00,Clear,5.8,33.66959781,102200,280,14.76,2.786948817,
2/13/2026 14:55:00,Clear,6.1,32.72185646,102170,310,18.36,2.667176991,
2/13/2026 15:15:00,,6.2,32.2434363,102170,300,18.36,2.792436083,
2/13/2026 15:35:00,Clear,6.3,31.77197396,102170,300,12.96,3.683304575,
2/13/2026 17:15:00,Clear,5.9,30.66893071,102200,310,12.96,3.195951437,
2/13/2026 17:35:00,Clear,5.5,32.28478948,102200,300,9.36,3.41058793,
2/13/2026 17:55:00,Clear,5,34.22411385,102200,310,7.56,3.267297783,
2/13/2026 18:35:00,Clear,3.5,40.15776596,102270,310,9.36,1.034388287,
2/13/2026 18:55:00,Clear,2.6,45.90019942,,310,7.56,0.461541467,
2/13/2026 19:15:00,Clear,2.1,46.46809862,,310,7.56,-0.122991098,
2/13/2026 19:35:00,Clear,1.7,48.56224886,102300,320,9.36,-1.104191391,
2/13/2026 19:55:00,Clear,1.5,48.12826105,,320,5.4,-0.044362968,
2/13/2026 20:15:00,Clear,2.2,44.37703248,102300,0,0,,
2/13/2026 20:35:00,Clear,1.2,47.66690394,102300,0,0,,
2/13/2026 20:55:00,Clear,-0.1,56.14973159,,0,0,,
2/13/2026 21:15:00,,0,54.04144095,102300,0,0,,
2/13/2026 21:35:00,Clear,-0.7,58.65523925,102300,0,0,,
2/13/2026 21:55:00,Clear,-0.8,60.00585631,102340,0,0,,
2/13/2026 22:15:00,Clear,-1.1,62.77282902,102340,0,0,,
2/13/2026 22:35:00,Clear,-1.4,63.18547773,102340,0,0,,
2/13/2026 22:55:00,Clear,-2,67.06284095,102340,0,0,,
2/13/2026 23:15:00,Clear,-2.6,69.03046055,102340,0,0,,
2/13/2026 23:35:00,Clear,-3,72.77476869,102340,0,0,,
2/13/2026 23:55:00,Clear,-2,65.52794634,102340,0,0,,
2/14/2026 0:15:00,Clear,-3.1,80.37925563,102340,0,0,,
2/14/2026 0:35:00,Clear,-2.8,72.25570461,102340,0,0,,
2/14/2026 0:55:00,Clear,-3,76.20756162,102340,0,0,,
2/14/2026 1:15:00,Clear,-3.3,74.99326232,102340,0,0,,
2/14/2026 1:35:00,Clear,-3.6,76.69105035,102340,0,0,,
2/14/2026 1:55:00,Clear,-3.2,74.4366532,102340,0,0,,
2/14/2026 2:15:00,Clear,-4.5,87.90653585,102300,0,0,,
2/14/2026 2:35:00,Clear,-3.6,76.10293574,102340,0,0,,
2/14/2026 2:55:00,Clear,-4.7,84.58261087,102300,0,0,,
2/14/2026 3:15:00,Clear,-4.4,80.18650977,102300,0,0,,
2/14/2026 3:35:00,Clear,-4.2,80.21633895,102300,0,0,,
2/14/2026 3:55:00,Clear,-4.7,80.14164517,102300,0,0,,
2/14/2026 4:15:00,Clear,-4.4,82.05992967,102300,0,0,,
2/14/2026 4:35:00,Clear,-5,83.25335756,102300,0,0,,
2/14/2026 4:55:00,Clear,-4.4,81.43117432,102300,0,0,,
2/14/2026 5:15:00,Clear,-4.6,83.30478583,102340,0,0,,
2/14/2026 5:35:00,Clear,-5,86.52032704,102300,0,0,,
2/14/2026 5:55:00,Clear,-5.2,85.835838,102300,0,0,,
2/14/2026 6:15:00,Clear,-5.3,87.82990866,102340,0,0,,
2/14/2026 6:35:00,Clear,-4.8,83.92267143,102340,0,0,,
2/14/2026 6:55:00,Clear,-5.2,87.16705423,102370,0,0,,
2/14/2026 7:15:00,,-5.3,86.48856932,102370,0,0,,
2/14/2026 7:35:00,Clear,-5.3,87.82990866,102410,0,0,,
2/14/2026 7:55:00,Clear,-4.6,85.24606072,,0,0,,
2/14/2026 8:15:00,Clear,-3.5,82.18237889,102440,0,0,,
2/14/2026 8:35:00,Clear,-2.1,79.91898712,102440,0,0,,
2/14/2026 8:55:00,Clear,-0.6,73.79042773,102440,0,0,,
2/14/2026 9:15:00,Clear,0,68.53855115,102440,0,0,,
2/14/2026 9:35:00,Clear,1,66.21624144,102440,0,0,,
2/14/2026 9:55:00,Clear,1.5,64.85101498,102440,0,0,,
2/14/2026 10:15:00,Clear,2.5,61.30020892,102440,0,0,,
2/14/2026 10:35:00,Clear,4,55.13891776,102440,320,5.4,2.806552288,
2/14/2026 10:55:00,Clear,4.8,54.94298928,102410,0,0,,
2/14/2026 11:15:00,Clear,5.6,50.43949488,102370,0,0,,
2/14/2026 11:35:00,Clear,6.3,47.69920864,102340,0,0,,
2/14/2026 11:55:00,Clear,7.8,44.35024996,102340,0,0,,
2/14/2026 12:15:00,Clear,8.5,41.66410477,102270,300,5.4,7.938199748,
2/14/2026 12:35:00,Clear,8.7,39.59139293,102200,330,5.4,8.166272968,
2/14/2026 12:55:00,Clear,9.2,40.03932102,102170,300,7.56,8.177371334,
2/14/2026 13:15:00,,9.7,39.89006732,102170,280,5.4,9.306639071,
2/14/2026 13:35:00,Clear,9.9,38.77624574,102100,260,5.4,9.534712291,
2/14/2026 13:55:00,Clear,10.1,37.97618608,102100,310,5.4,,
2/14/2026 14:15:00,Clear,10.6,37.00562342,102070,270,9.36,,
2/14/2026 14:35:00,Clear,10.5,37.53197289,102070,280,5.4,,
2/14/2026 14:55:00,Clear,10.5,37.81285788,102070,0,0,,
2/14/2026 15:15:00,,10.4,36.94587644,102030,0,0,,
2/14/2026 15:35:00,Clear,10.8,36.5164751,102030,0,0,,
2/14/2026 15:55:00,Clear,11.1,39.13358508,102030,0,0,,
2/14/2026 16:15:00,Clear,11.3,36.39388851,102030,0,0,,
2/14/2026 16:35:00,Clear,11.4,36.15378487,102030,0,0,,
2/14/2026 16:55:00,Clear,12,35.79784714,102000,250,5.4,,
2/14/2026 17:15:00,Clear,,,,,,,
2/14/2026 17:35:00,Clear,10.5,38.38023432,102030,0,0,,
2/14/2026 17:55:00,Clear,9.3,40.97628922,102000,0,0,,
2/14/2026 18:15:00,Clear,7.9,45.04670767,102030,0,0,,
2/14/2026 18:35:00,Clear,5.9,53.62575562,102030,0,0,,
2/14/2026 18:55:00,Clear,6,52.86254288,102070,0,0,,
2/14/2026 19:15:00,,5.1,57.53175141,102100,170,5.4,4.060955,
2/14/2026 19:35:00,Clear,4.9,60.09045585,102070,0,0,,
2/14/2026 19:55:00,Clear,4,62.12840001,102070,0,0,,
2/14/2026 20:15:00,,3.9,63.03130475,102070,0,0,,
2/14/2026 20:35:00,Clear,3.4,67.24821443,102100,0,0,,
2/14/2026 20:55:00,Clear,2.8,69.13373454,102100,0,0,,
2/14/2026 21:15:00,,2.4,70.08053273,102070,0,0,,
2/14/2026 21:35:00,Clear,2.1,70.54030762,102070,0,0,,
2/14/2026 21:55:00,Clear,1.7,73.66757587,102070,0,0,,
2/14/2026 22:15:00,Clear,1.9,72.08636703,102030,0,0,,
2/14/2026 22:35:00,Clear,1.7,74.21476327,102000,0,0,,
2/14/2026 22:55:00,Partly Cloudy,2.3,71.63281252,102000,0,0,,
2/14/2026 23:15:00,Partly Cloudy,1.5,76.97201817,101930,0,0,,
2/14/2026 23:35:00,Clear,2.6,71.16489222,101970,0,0,,
2/14/2026 23:55:00,Partly Cloudy,2.7,73.31177145,101930,0,0,,
2/15/2026 0:15:00,Cloudy,2.6,71.69173043,101930,0,0,,
2/15/2026 0:35:00,Cloudy,3.1,70.74219979,101900,0,0,,
2/15/2026 0:55:00,Cloudy,3.1,70.74219979,101860,0,0,,
2/15/2026 1:15:00,Cloudy,2.5,78.27350363,101900,0,0,,
2/15/2026 1:35:00,Cloudy,3.2,72.33757966,101930,0,0,,
2/15/2026 1:55:00,Cloudy,3.6,74.0169118,101900,0,0,,
2/15/2026 2:15:00,Cloudy,4,71.44167777,101860,0,0,,
2/15/2026 2:35:00,Cloudy,4.2,66.44076702,101900,0,0,,
2/15/2026 2:55:00,Light Rain,4,66.8861617,101930,0,0,,
2/15/2026 3:15:00,Light Rain,4.8,67.06177378,101930,0,0,,
2/15/2026 3:35:00,Light Rain,3.1,81.26250491,101900,0,0,,
2/15/2026 3:55:00,Light Rain,2.6,87.28984685,101860,0,0,,
2/15/2026 4:15:00,Light Rain,2.5,93.11450015,101830,0,0,,
2/15/2026 4:35:00,Light Rain,2.7,93.1253312,101800,0,0,,
2/15/2026 4:55:00,Light Rain,3,96.51684171,101800,0,0,,
2/15/2026 5:15:00,Light Rain,3.1,96.51962436,101800,0,0,,
2/15/2026 5:35:00,Light Rain,3.2,95.83987639,101830,0,0,,
2/15/2026 5:55:00,Light Rain,3.1,97.89869063,101800,0,0,,
2/15/2026 6:15:00,Rain,3.4,97.21369831,101800,0,0,,
2/15/2026 6:35:00,Rain,3.2,99.29574117,101800,0,0,,
2/15/2026 6:55:00,Rain,3.3,100,101760,0,0,,
2/15/2026 7:15:00,,3.4,100,101760,0,0,,
2/15/2026 7:35:00,Light Rain,3.3,100,,0,0,,
2/15/2026 7:55:00,Light Rain,3.5,100,101800,0,0,,
2/15/2026 8:15:00,Light Rain,3.3,100,101830,0,0,,
2/15/2026 8:35:00,Light Rain,3.5,100,101830,0,0,,
2/15/2026 8:55:00,Light Rain,4,100,101800,0,0,,
2/15/2026 9:15:00,,4.1,99.30084427,101800,0,0,,
2/15/2026 9:35:00,Light Rain,4.5,100,101800,0,0,,
2/15/2026 9:55:00,Rain,4.6,99.30365542,101800,0,0,,
2/15/2026 10:15:00,Rain,4.5,98.61048822,101760,0,0,,
2/15/2026 10:35:00,Light Rain,4.5,96.55823606,101760,0,0,,
2/15/2026 10:55:00,Light Rain,4.6,96.56096957,101730,0,0,,
2/15/2026 11:15:00,Light Rain,4.8,97.92713597,101690,0,0,,
2/15/2026 11:35:00,Light Rain,4.8,97.24467641,101630,0,0,,
2/15/2026 11:55:00,Light Rain,4.9,97.92879127,101590,0,0,,
2/15/2026 13:35:00,Unknown Precipitation,4.8,98.61382802,101390,0,0,,
2/15/2026 14:55:00,Light Rain,4.7,98.61271609,101220,80,5.4,3.604808559,
2/15/2026 15:35:00,Light Rain,4.6,97.92381943,101150,80,9.36,2.341298091,
2/15/2026 15:55:00,Light Rain,4.5,99.30309454,101150,0,0,,
2/15/2026 16:15:00,Light Rain,4.6,99.30365542,101080,0,0,,
2/15/2026 16:35:00,Light Rain,4.5,100,101080,0,0,,
2/15/2026 16:55:00,Light Rain,4.5,98.61048822,101080,0,0,,
2/15/2026 17:15:00,Light Rain,4.5,97.92215819,101080,50,5.4,3.376735339,
2/15/2026 17:35:00,Light Rain,4.5,97.92215819,101080,0,0,,
2/15/2026 17:55:00,Light Rain,4.5,98.61048822,101120,70,5.4,3.376735339,
2/15/2026 18:15:00,Light Rain,4.5,98.61048822,101120,50,9.36,2.222488109,
2/15/2026 18:35:00,Light Rain,4.5,98.61048822,101150,60,9.36,2.222488109,
2/15/2026 18:55:00,Light Rain,4.3,99.30197076,101120,60,7.56,2.448952191,
2/15/2026 19:15:00,Light Rain,4.2,98.60713637,,0,0,,
2/15/2026 19:35:00,Light Rain,4.2,99.30140786,101150,0,0,,
2/15/2026 19:55:00,Light Rain,4.2,99.30140786,101190,0,0,,
2/15/2026 20:15:00,Fog/Mist,4.2,99.30140786,101190,0,0,,
2/15/2026 20:35:00,Fog/Mist,4.1,99.30084427,101190,0,0,,
2/15/2026 20:55:00,Fog/Mist,4.1,99.30084427,101190,0,0,,
2/15/2026 21:15:00,Fog/Mist,4,100,101190,0,0,,
2/15/2026 21:35:00,Fog/Mist,3.9,100,101190,0,0,,
2/15/2026 21:55:00,Fog/Mist,3.6,100,101220,0,0,,
2/15/2026 22:15:00,Fog/Mist,3.9,100,101220,0,0,,
2/15/2026 22:35:00,Fog/Mist,3.9,100,101220,0,0,,
2/15/2026 22:55:00,Fog/Mist,3.9,100,101220,310,5.4,2.692515677,
2/15/2026 23:15:00,Fog/Mist,3.8,100,101220,0,0,,
2/15/2026 23:35:00,Fog/Mist,3.5,100,101220,0,0,,
2/15/2026 23:55:00,Fog/Mist,3.5,100,101220,0,0,,
2/16/2026 0:15:00,Fog/Mist,3.8,100,101220,0,0,,
2/16/2026 0:35:00,Fog/Mist,3.7,100,101220,0,0,,
2/16/2026 0:55:00,Fog/Mist,3.8,100,101220,0,0,,
2/16/2026 1:15:00,Fog/Mist,4,100,101220,0,0,,
2/16/2026 1:35:00,Fog/Mist,4.2,100,101250,0,0,,
2/16/2026 1:55:00,Fog/Mist,4.3,100,101290,0,0,,
2/16/2026 2:15:00,Fog/Mist,3.9,100,101320,0,0,,
2/16/2026 2:35:00,Fog/Mist,3.5,100,101320,0,0,,
2/16/2026 2:55:00,Fog,2.6,100,101360,0,0,,
2/16/2026 3:15:00,,1.9,100,101360,0,0,,
2/16/2026 3:55:00,Fog,0.7,100,101390,0,0,,
2/16/2026 4:35:00,Fog,1,100,101460,0,0,,
2/16/2026 4:55:00,Fog/Mist,0.6,100,101460,0,0,,
2/16/2026 5:15:00,Clear,1,100,,320,9.36,-1.935861266,
2/16/2026 5:35:00,Clear,3.1,96.51962436,101520,330,12.96,-0.215520532,
2/16/2026 5:55:00,Clear,3.5,90.55364071,101560,330,12.96,0.271832606,
2/16/2026 6:15:00,,3.4,89.26254455,101630,330,12.96,0.149994322,
2/16/2026 6:35:00,Clear,2.8,91.80816952,,330,14.76,-0.905850804,
2/16/2026 6:55:00,Clear,3.5,87.37670011,101690,340,12.96,0.271832606,
2/16/2026 7:15:00,Clear,3.6,86.14429957,101760,330,14.76,0.078895761,
2/16/2026 7:35:00,Clear,2.4,93.77870336,,320,5.4,0.981966524,
2/16/2026 7:55:00,Clear,2.2,94.44378415,101860,0,0,,
2/16/2026 8:15:00,Clear,2.8,93.13073727,101900,0,0,,
2/16/2026 8:35:00,Clear,3.4,97.21369831,,0,0,,
2/16/2026 8:55:00,Clear,5.2,81.5487425,,310,11.16,2.674423105,
2/16/2026 9:15:00,Clear,5.7,82.78018186,,0,0,,
2/16/2026 9:35:00,Clear,6.1,79.39028664,,0,0,,
2/16/2026 9:55:00,Partly Cloudy,7,78.41083196,,270,5.4,6.227650595,
2/16/2026 10:15:00,Partly Cloudy,7.2,77.34453811,102070,0,0,,
2/16/2026 10:35:00,Clear,7.4,74.17032183,102100,260,9.36,5.667977591,
2/16/2026 10:55:00,Clear,7.6,71.62746934,,0,0,,
2/16/2026 11:15:00,Clear,8.1,71.2188256,,0,0,,
2/16/2026 11:35:00,Clear,8.5,68.33984967,102100,240,5.4,7.938199748,
2/16/2026 11:55:00,Clear,9.2,68.48580237,102100,0,0,,
2/16/2026 12:15:00,Clear,9.5,68.06842824,102100,280,5.4,9.07856585,
2/16/2026 12:35:00,Clear,10.2,66.79850437,,310,9.36,,
2/16/2026 12:55:00,Clear,10.5,63.2177667,102070,0,0,,
2/16/2026 13:15:00,Clear,11,59.87241703,102030,260,7.56,,
2/16/2026 13:35:00,Clear,11.7,59.62430779,102030,0,0,,
2/16/2026 13:55:00,Clear,12,54.86816671,102030,0,0,,
2/16/2026 14:15:00,,12.5,53.47059715,102000,200,5.4,,
2/16/2026 14:35:00,Clear,13,48.55193385,102000,0,0,,
2/16/2026 14:55:00,Clear,13.1,45.56000588,102000,140,5.4,,
2/16/2026 15:15:00,Clear,13.6,46.68956024,102000,0,0,,
2/16/2026 15:35:00,Clear,14.1,46.50046286,102000,330,7.56,,
2/16/2026 15:55:00,Clear,13.7,45.40676319,102000,0,0,,
2/16/2026 16:15:00,Clear,,,,,,,
2/16/2026 16:35:00,Clear,14,44.53110871,102000,290,5.4,,
2/16/2026 16:55:00,Clear,13.9,42.32855213,102030,0,0,,
2/16/2026 17:15:00,Clear,13.7,39.04348057,102030,0,0,,
2/16/2026 17:35:00,Clear,13.2,40.04394346,,0,0,,
2/16/2026 17:55:00,Clear,12,43.95372671,102070,0,0,,
2/16/2026 18:15:00,Clear,10.6,48.57391141,102100,0,0,,
2/16/2026 18:35:00,Clear,,,102100,0,0,,
2/16/2026 18:55:00,Clear,7.2,64.26937602,102130,0,0,,
2/16/2026 19:15:00,Clear,6.5,65.98844524,102130,0,0,,
2/16/2026 19:55:00,Clear,5.1,71.65658036,102100,0,0,,
2/16/2026 20:15:00,Clear,5.2,71.67600583,102100,0,0,,
2/16/2026 20:35:00,Clear,4.1,79.66269617,102100,160,7.56,2.215139165,
2/16/2026 20:55:00,Clear,4.9,71.10082485,102130,0,0,,
2/16/2026 21:15:00,Clear,4.7,74.21620165,102170,0,0,,
2/16/2026 21:35:00,Clear,4.1,77.39794332,102200,0,0,,
2/16/2026 21:55:00,Clear,3.6,77.87940611,102200,150,5.4,2.350405847,
2/16/2026 22:15:00,Clear,3.8,81.94615184,102200,0,0,,
2/16/2026 22:35:00,Clear,3.8,81.3586221,102200,0,0,,
2/16/2026 22:55:00,Clear,3,84.2400371,102200,0,0,,
2/16/2026 23:15:00,Clear,2.6,87.92124725,102200,0,0,,
2/16/2026 23:35:00,Clear,2.9,85.45266252,102240,0,0,,
2/16/2026 23:55:00,,2.4,87.27042758,102200,0,0,,
2/17/2026 0:15:00,Clear,1.8,89.77662375,102200,0,0,,
2/17/2026 0:35:00,Clear,2,87.86556546,102200,0,0,,
2/17/2026 0:55:00,Clear,0.9,93.02693476,102200,0,0,,
2/17/2026 1:15:00,Clear,0.9,94.38600973,102200,0,0,,
2/17/2026 1:35:00,Clear,0.9,95.76265695,102170,0,0,,
2/17/2026 1:55:00,Clear,0.5,96.44618313,102200,0,0,,
2/17/2026 2:15:00,Clear,0.7,95.75584158,102170,0,0,,
2/17/2026 2:35:00,Clear,0.2,97.84880179,102200,0,0,,
2/17/2026 2:55:00,Clear,0.2,98.56126417,102170,0,0,,
2/17/2026 3:15:00,Clear,0.1,97.84705002,102130,0,0,,
2/17/2026 3:35:00,Clear,0.1,98.56008854,102170,0,0,,
2/17/2026 3:55:00,Clear,0.3,97.14322652,102170,0,0,,
2/17/2026 4:15:00,Clear,-0.4,97.83825911,102170,0,0,,
2/17/2026 4:35:00,Clear,0,99.27713754,,0,0,,
2/17/2026 4:55:00,,0,99.27713754,102200,0,0,,
2/17/2026 5:15:00,Clear,0.1,100,102200,0,0,,
2/17/2026 5:35:00,Clear,-0.1,99.27654435,102200,0,0,,
2/17/2026 5:55:00,Clear,0.1,100,102200,0,0,,
2/17/2026 6:15:00,Clear,-0.4,100,,0,0,,
2/17/2026 6:35:00,Clear,-0.5,100,102270,0,0,,
2/17/2026 6:55:00,Fog/Mist,0,100,,0,0,,
2/17/2026 7:15:00,Fog/Mist,-0.3,100,,0,0,,
2/17/2026 7:35:00,Fog/Mist,-0.9,100,102300,0,0,,
2/17/2026 7:55:00,Fog/Mist,-0.3,99.2753558,102340,0,0,,
2/17/2026 8:15:00,Clear,0,98.55891148,102340,0,0,,
2/17/2026 8:35:00,Fog/Mist,0.2,100,,0,0,,
2/17/2026 8:55:00,Clear,2.3,93.77378301,,0,0,,
2/17/2026 9:15:00,Clear,3.3,89.89461154,102340,0,0,,
2/17/2026 9:35:00,Clear,4,88.67882946,,0,0,,
2/17/2026 9:55:00,Clear,5,83.87571848,,0,0,,
2/17/2026 10:15:00,Clear,6.4,79.99803431,,0,0,,
2/17/2026 10:35:00,Clear,8,74.27713247,,0,0,,
2/17/2026 10:55:00,Clear,9.5,68.54807281,,0,0,,
2/17/2026 11:15:00,Clear,11.1,62.91460388,102300,0,0,,
2/17/2026 11:35:00,Clear,12.6,59.01651751,,0,0,,
2/17/2026 11:55:00,Clear,13.6,55.67310646,,0,0,,
2/17/2026 12:15:00,Clear,14.4,55.49366457,102200,0,0,,
2/17/2026 12:35:00,Clear,14.6,53.65316401,102170,290,5.4,,
2/17/2026 12:55:00,Clear,14.6,54.02696679,102130,260,7.56,,
2/17/2026 13:15:00,Clear,,,,,,,
2/17/2026 13:35:00,Clear,15.1,52.31480556,102100,310,12.96,,
2/17/2026 13:55:00,Clear,15.2,52.70564588,102070,330,5.4,,
2/17/2026 14:15:00,Clear,15.7,49.64549873,102000,0,0,,
2/17/2026 14:35:00,Clear,15.5,48.22637529,102000,0,0,,
2/17/2026 15:15:00,Clear,16.2,44.84369908,101970,0,0,,
2/17/2026 15:35:00,Clear,16.5,43.6879867,,0,0,,
2/17/2026 15:55:00,Clear,17,40.86202497,101930,220,5.4,,
2/17/2026 16:15:00,,17.1,42.94931263,101930,0,0,,
2/17/2026 16:35:00,Clear,16.6,43.71655697,101900,170,7.56,,
2/17/2026 16:55:00,Clear,16.6,44.64419267,101900,180,7.56,,
2/17/2026 17:15:00,Clear,16.1,46.73655908,101930,210,5.4,,
2/17/2026 17:55:00,Clear,14.9,49.08069168,101970,200,7.56,,
2/17/2026 18:15:00,Clear,13.8,53.44123318,101970,210,9.36,,
2/17/2026 18:35:00,Clear,13.2,55.56953272,101970,200,11.16,,
2/17/2026 18:55:00,Clear,12.5,59.40477283,102000,190,7.56,,
2/17/2026 19:15:00,,11.9,62.22748413,102000,0,0,,
2/17/2026 19:35:00,Clear,11.8,62.63912268,102000,0,0,,
2/17/2026 19:55:00,Clear,11,64.67621636,101970,0,0,,
2/17/2026 20:15:00,Clear,10,69.61727375,101970,0,0,,
2/17/2026 20:35:00,Clear,10.8,66.46248335,101970,0,0,,
2/17/2026 20:55:00,Clear,10.7,67.37399306,101930,0,0,,
2/17/2026 21:15:00,Clear,10.8,67.39520066,101900,0,0,,
2/17/2026 21:35:00,Clear,10.4,69.21430201,101900,0,0,,
2/17/2026 21:55:00,Clear,10.6,69.25489904,101900,0,0,,
2/17/2026 22:15:00,Clear,10,72.08450816,101860,0,0,,
2/17/2026 22:35:00,Clear,10,72.58712854,101860,0,0,,
2/17/2026 22:55:00,Clear,8.9,77.61423627,101860,0,0,,
2/17/2026 23:15:00,Clear,8.4,79.7268826,101830,0,0,,
2/17/2026 23:35:00,Clear,8.3,79.71241189,101800,0,0,,
2/17/2026 23:55:00,Clear,8.9,77.61423627,101800,0,0,,
2/18/2026 0:15:00,Clear,7.5,84.17056385,101760,0,0,,
2/18/2026 0:35:00,Clear,7.5,84.17056385,101730,0,0,,
2/18/2026 0:55:00,Clear,7.4,84.74715723,101730,0,0,,
2/18/2026 1:15:00,Clear,7.1,85.90314969,101690,0,0,,
2/18/2026 1:35:00,Clear,7.3,84.73589634,101660,0,0,,
2/18/2026 1:55:00,Clear,6.7,87.67858529,101690,0,0,,
2/18/2026 2:15:00,Clear,6.6,87.05932255,101660,0,0,,
2/18/2026 2:35:00,Clear,6.4,88.88380531,101630,0,0,,
2/18/2026 2:55:00,,6.6,88.28307784,101590,0,0,,
2/18/2026 3:15:00,Clear,6.3,88.87537373,101560,0,0,,
2/18/2026 3:35:00,Clear,5.6,91.9844957,101560,0,0,,
2/18/2026 3:55:00,Clear,5.6,92.6300395,101560,0,0,,
2/18/2026 4:15:00,Clear,5.5,91.3362599,101520,0,0,,
2/18/2026 4:35:00,Clear,5.7,91.34960091,101520,0,0,,
2/18/2026 4:55:00,Clear,5.8,91.99687531,101520,0,0,,
2/18/2026 5:15:00,Clear,5,93.24809545,101490,0,0,,
2/18/2026 5:35:00,Clear,5.3,91.32288851,101490,0,0,,
2/18/2026 5:55:00,Clear,5.1,91.95342264,101490,0,0,,
2/18/2026 6:15:00,Clear,5.6,91.34293419,101460,0,0,,
2/18/2026 6:35:00,Clear,5.5,90.69819196,101490,0,0,,
2/18/2026 6:55:00,Clear,5.6,90.70533381,101460,0,0,,
2/18/2026 7:15:00,Clear,,,,,,,
2/18/2026 7:35:00,Clear,5.1,92.60137297,101490,0,0,,
2/18/2026 7:55:00,Clear,5.4,90.69104203,101490,0,0,,
2/18/2026 8:15:00,Clear,5.6,90.70533381,101490,0,0,,
2/18/2026 8:35:00,Clear,6,90.73382057,,0,0,,
2/18/2026 8:55:00,Clear,7.2,86.51364249,101460,0,0,,
2/18/2026 9:15:00,Clear,,,,,,,
2/18/2026 9:35:00,Clear,9.4,76.09374793,101460,0,0,,
2/18/2026 9:55:00,Mostly Cloudy,9.8,76.16003055,,0,0,,
2/18/2026 10:15:00,Cloudy,9.6,79.35054744,101420,0,0,,
2/18/2026 11:15:00,Clear,11.6,69.45678861,101320,230,5.4,,
2/18/2026 11:35:00,Clear,12.9,65.09983075,101290,250,12.96,,
2/18/2026 11:55:00,Partly Cloudy,13.5,64.34440735,101290,230,11.16,,
2/18/2026 12:15:00,Mostly Cloudy,13.7,64.38918991,101250,240,5.4,,
2/18/2026 12:35:00,Cloudy,14.5,63.69439137,101190,250,11.16,,
2/18/2026 12:55:00,Cloudy,15,64.67845787,101150,250,16.56,,
2/18/2026 13:15:00,Cloudy,15.3,65.62526542,101150,240,14.76,,
2/18/2026 13:35:00,Cloudy,15,67.35546988,101120,230,12.96,,
2/18/2026 13:55:00,Cloudy,14.8,68.68983467,101080,250,16.56,,
2/18/2026 14:15:00,Cloudy,14.7,69.13402354,101050,240,7.56,,
2/18/2026 14:35:00,Cloudy,14.7,69.60122734,101050,240,12.96,,
2/18/2026 14:55:00,Cloudy,14.6,70.05166032,101080,260,11.16,,
2/18/2026 15:15:00,Cloudy,14.7,70.54399898,,270,7.56,,
2/18/2026 15:35:00,Cloudy,14.7,71.0195953,,280,7.56,,
2/18/2026 15:55:00,Cloudy,14.6,70.52468898,101150,270,9.36,,
2/18/2026 16:15:00,Cloudy,14.4,71.92356572,101150,0,0,,
2/18/2026 16:35:00,Cloudy,14.7,71.0195953,101080,220,11.16,,
2/18/2026 16:55:00,Cloudy,15,69.6605046,101080,240,11.16,,
2/18/2026 17:15:00,Cloudy,,,,,,,
2/18/2026 17:55:00,Cloudy,14.5,75.90064196,101190,250,11.16,,
2/18/2026 18:15:00,,14,79.98013785,101150,250,14.76,,
2/18/2026 18:35:00,Cloudy,14,79.98013785,101190,270,7.56,,
2/18/2026 18:55:00,Cloudy,13.7,81.55285788,101220,250,11.16,,
2/18/2026 19:15:00,Cloudy,13.8,81.56588529,101220,230,12.96,,
2/18/2026 19:35:00,Cloudy,14,80.51424506,101190,250,9.36,,
2/18/2026 19:55:00,Cloudy,13.6,82.63293288,101190,270,7.56,,
2/18/2026 20:15:00,Cloudy,13.7,83.75058279,101190,300,5.4,,
2/18/2026 20:35:00,Cloudy,13.2,85.94945988,,310,9.36,,
2/18/2026 20:55:00,Cloudy,13.1,86.5122464,101190,240,5.4,,
2/18/2026 21:15:00,,13.2,86.52207061,,0,0,,
2/18/2026 21:35:00,Cloudy,13.1,87.08860653,,0,0,,
2/18/2026 21:55:00,Light Rain,12.2,95.48958306,101290,0,0,,
2/18/2026 22:15:00,,12.1,97.39816861,,0,0,,
2/18/2026 22:35:00,Cloudy,11.8,98.68846763,101290,0,0,,
2/18/2026 22:55:00,Light Rain,11.7,100,101250,0,0,,
2/18/2026 23:15:00,Light Rain,11,100,101250,0,0,,
2/18/2026 23:35:00,Fog/Mist,11.5,100,,0,0,,
2/18/2026 23:55:00,Light Rain,11.8,100,101250,0,0,,
2/19/2026 0:15:00,Light Rain,11.7,100,101250,0,0,,
2/19/2026 0:35:00,Heavy Rain,11.8,100,101290,0,0,,
2/19/2026 0:55:00,Light Rain,11.6,100,101250,0,0,,
2/19/2026 1:15:00,Light Rain,10.8,100,101250,0,0,,
2/19/2026 1:35:00,Fog,11.1,100,101250,0,0,,
2/19/2026 1:55:00,Light Drizzle,10.8,100,101250,0,0,,
2/19/2026 2:35:00,Fog,11,100,101250,0,0,,
2/19/2026 2:55:00,Fog,10.6,100,101220,0,0,,
2/19/2026 3:15:00,,10.6,100,101220,0,0,,
2/19/2026 3:35:00,Light Drizzle,10.8,100,101220,0,0,,
2/19/2026 3:55:00,Light Rain,10.6,100,101220,0,0,,
2/19/2026 4:15:00,,10.5,100,101220,0,0,,
2/19/2026 4:35:00,Fog/Mist,10.5,100,101220,0,0,,
2/19/2026 4:55:00,Light Drizzle,11,100,101220,0,0,,
2/19/2026 5:15:00,Fog,10.6,100,101220,0,0,,
2/19/2026 5:35:00,Fog/Mist,10.6,100,101190,0,0,,
2/19/2026 5:55:00,Fog,11.1,100,101220,0,0,,
2/19/2026 6:15:00,Fog/Mist,11,100,,0,0,,
2/19/2026 6:35:00,Light Rain,10.7,100,101220,0,0,,
2/19/2026 6:55:00,Light Rain,10.9,100,101220,0,0,,
2/19/2026 7:15:00,Fog,10.8,100,101220,0,0,,
2/19/2026 7:35:00,Fog,11,100,,0,0,,
2/19/2026 7:55:00,Fog,10.8,100,101250,0,0,,
2/19/2026 8:15:00,Rain,,,,,,,
2/19/2026 8:35:00,Fog/Mist,11.5,100,,0,0,,
2/19/2026 8:55:00,Light Rain,12,100,101290,70,5.4,,
2/19/2026 9:35:00,Light Rain,11.7,100,101250,90,5.4,,
2/19/2026 9:55:00,Light Rain,11.9,100,101290,100,7.56,,
2/19/2026 10:15:00,Fog/Mist,12,100,101250,70,7.56,,
2/19/2026 10:55:00,Light Rain,11.8,100,101290,0,0,,
2/19/2026 11:15:00,Light Rain,11.8,100,101290,0,0,,
2/19/2026 11:35:00,Light Rain,11.6,100,,100,9.36,,
2/19/2026 11:55:00,Rain,11.5,100,101290,90,5.4,,
2/19/2026 12:15:00,Light Rain,11.6,100,,70,5.4,,
2/19/2026 12:55:00,Light Rain,11.5,100,101190,100,12.96,,
2/19/2026 13:35:00,Fog/Mist,11.3,100,101080,80,9.36,,
2/19/2026 13:55:00,Rain,11.1,100,101050,110,12.96,,
2/19/2026 14:15:00,Light Rain,11.2,100,101050,90,12.96,,
2/19/2026 14:55:00,Light Rain,11.2,100,101020,60,5.4,,
2/19/2026 15:15:00,Light Rain,11.4,100,100980,0,0,,
2/19/2026 15:35:00,Light Rain,11.3,100,100980,50,5.4,,
2/19/2026 16:15:00,Light Rain,11.1,100,,0,0,,
2/19/2026 16:35:00,Rain,11.1,100,,0,0,,
2/19/2026 16:55:00,Light Rain,11.2,100,101020,90,5.4,,
2/19/2026 17:15:00,Light Rain,11.1,100,101020,110,7.56,,
2/19/2026 17:35:00,Light Rain,11,100,100980,130,9.36,,
2/19/2026 17:55:00,Light Rain,10.8,100,101020,130,7.56,,
2/19/2026 18:15:00,Light Drizzle,10.8,100,,90,7.56,,
2/19/2026 18:35:00,Fog/Mist,10.8,100,,0,0,,
2/19/2026 18:55:00,Fog/Mist,10.7,100,101050,100,5.4,,
2/19/2026 19:15:00,Fog/Mist,11,100,101050,80,7.56,,
2/19/2026 19:35:00,Fog/Mist,10.8,100,,0,0,,
2/19/2026 19:55:00,Fog/Mist,10.8,100,101050,0,0,,
2/19/2026 20:15:00,Fog/Mist,10.7,100,,0,0,,
2/19/2026 20:35:00,Fog/Mist,10.8,100,101050,100,7.56,,
2/19/2026 20:55:00,Fog,10.5,100,101050,90,7.56,,
2/19/2026 21:15:00,,10.5,100,101050,100,5.4,,
2/19/2026 21:35:00,Fog,10.5,100,101080,100,7.56,,
2/19/2026 21:55:00,Fog,10.5,100,101080,120,5.4,,
2/19/2026 22:15:00,Fog,10.3,100,101080,110,9.36,,
2/19/2026 22:35:00,Fog,10.3,100,101050,100,9.36,,
2/19/2026 22:55:00,Fog,10,100,101050,120,11.16,,
2/19/2026 23:15:00,Fog,9.6,100,101050,120,11.16,7.973219262,
2/19/2026 23:35:00,Fog,9.2,100,101020,120,12.96,7.216614828,
2/19/2026 23:55:00,Fog,8.6,100,101020,110,9.36,7.093697376,
2/20/2026 0:15:00,Fog,8.7,100,101020,100,11.16,6.889374594,
2/20/2026 0:35:00,Fog,8.1,100,,130,5.4,7.482053307,
2/20/2026 0:55:00,Fog,8,100,101020,120,7.56,6.774493177,
2/20/2026 1:15:00,Fog,7.5,100,100980,120,14.76,4.879535269,
2/20/2026 1:35:00,Fog,7.1,100,100950,130,9.36,5.311547644,
2/20/2026 1:55:00,Fog,6.8,100,100950,120,9.36,4.955117698,
2/20/2026 2:15:00,Fog,6.7,100,100920,130,11.16,4.480830886,
2/20/2026 2:35:00,Fog,6.4,100,100920,120,11.16,4.11954933,
2/20/2026 2:55:00,Fog,6.5,100,100850,120,7.56,5.02089548,
2/20/2026 3:15:00,Fog,6.4,100,100810,110,7.56,4.903988967,
2/20/2026 3:35:00,Fog,6.2,100,100750,120,9.36,4.242257805,
2/20/2026 3:55:00,Fog,6.2,100,100750,110,5.4,5.315357713,
2/20/2026 4:15:00,Fog,5.8,100,100710,120,7.56,4.202549888,
2/20/2026 4:35:00,Fog,5.5,100,100680,120,11.16,3.035704661,
2/20/2026 4:55:00,Fog,5.5,100,100640,120,5.4,4.517101441,
2/20/2026 5:15:00,,5.7,100,100610,100,5.4,4.745174662,
2/20/2026 5:35:00,Fog,5.6,100,,0,0,,
2/20/2026 5:55:00,Fog,6.2,100,100640,60,5.4,5.315357713,
2/20/2026 6:15:00,Fog,6,100,100610,90,9.36,4.004637841,
2/20/2026 6:35:00,Fog,5.6,100,100580,0,0,,
2/20/2026 6:55:00,Fog,5.9,100,100610,0,0,,
2/20/2026 7:15:00,Rain,6.1,100,,330,9.36,4.123447823,
2/20/2026 7:35:00,Heavy Rain,7,100,,0,0,,
2/20/2026 7:55:00,Rain,7.5,100,100710,120,5.4,6.797833646,
2/20/2026 8:15:00,Rain,7,100,100810,140,5.4,6.227650595,
2/20/2026 8:35:00,Light Rain,7,100,100810,150,7.56,5.605428045,
2/20/2026 8:55:00,Light Rain,7.1,100,100810,100,5.4,6.341687205,
2/20/2026 9:15:00,Fog/Mist,7.7,100,,0,0,,
2/20/2026 9:35:00,Fog/Mist,8.8,100,100810,0,0,,
2/20/2026 9:55:00,Fog,9.5,100,100780,0,0,,
2/20/2026 10:15:00,Fog,10.1,100,100750,300,5.4,,
2/20/2026 10:35:00,Fog/Mist,10.9,100,100780,270,7.56,,
2/20/2026 10:55:00,Fog/Mist,11.7,98.68744412,100780,260,7.56,,
2/20/2026 11:15:00,Partly Cloudy,13.4,93.05675333,100750,270,5.4,,
2/20/2026 11:35:00,Clear,14.7,83.3155848,100750,270,9.36,,
2/20/2026 11:55:00,Clear,15.5,76.06373863,100710,270,11.16,,
2/20/2026 12:15:00,Clear,16,68.931397,100680,280,16.56,,
2/20/2026 12:35:00,Clear,17.5,45.84272129,100680,280,14.76,,
2/20/2026 12:55:00,Clear,18.4,43.32016335,100680,250,12.96,,
2/20/2026 13:15:00,Clear,19.1,39.77448171,100640,270,12.96,,
2/20/2026 13:35:00,Clear,19.4,42.71345243,100610,250,11.16,,
2/20/2026 14:15:00,Clear,,,,,,,
2/20/2026 14:35:00,Clear,19.5,31.85880629,100610,250,16.56,,
2/20/2026 14:55:00,Clear,19.6,27.03468277,100640,250,20.52,,
2/20/2026 15:15:00,Clear,19.5,23.50498066,100610,240,14.76,,
2/20/2026 16:15:00,Clear,19.2,22.40601875,,250,20.52,,
2/20/2026 16:35:00,Clear,19,21.37502364,100710,260,22.32,,
2/20/2026 17:15:00,Clear,18.1,22.61383813,100780,250,11.16,,
2/20/2026 17:35:00,Clear,17.3,23.78292924,,270,12.96,,
2/20/2026 17:55:00,Clear,16.1,28.4786583,100880,270,7.56,,
2/20/2026 18:15:00,Clear,15.9,26.98303201,100920,260,7.56,,
2/20/2026 18:35:00,Clear,15,29.66689092,100920,260,9.36,,
2/20/2026 18:55:00,Clear,13.9,33.29634199,100950,0,0,,
2/20/2026 19:15:00,Clear,14,30.72040459,100980,260,9.36,,
2/20/2026 19:35:00,Clear,14.8,26.07572679,100980,260,12.96,,
2/20/2026 19:55:00,Clear,14,27.45947989,101020,270,5.4,,
2/20/2026 20:15:00,Clear,12.4,33.0997281,101050,260,5.4,,
2/20/2026 20:35:00,Clear,13,29.30619929,,260,7.56,,
2/20/2026 20:55:00,Clear,12.8,29.91627311,101080,280,5.4,,
2/20/2026 21:15:00,Clear,11.4,34.57140113,,270,5.4,,
2/20/2026 21:35:00,Clear,10.6,37.56182158,101150,260,5.4,,
2/20/2026 21:55:00,Clear,10.7,36.21490913,101190,260,5.4,,
2/20/2026 22:15:00,Clear,9.7,39.59375222,101190,0,0,,
2/20/2026 22:35:00,Clear,11.3,32.52767916,101220,260,9.36,,
2/20/2026 22:55:00,Clear,12.2,25.14480002,101220,290,14.76,,
2/20/2026 23:15:00,Clear,12.2,23.09320209,101220,280,14.76,,
2/20/2026 23:35:00,Clear,11.8,23.52593197,101220,290,12.96,,
2/20/2026 23:55:00,Clear,11.8,22.27527743,101220,270,9.36,,
2/21/2026 0:15:00,Clear,,,,,,,
2/21/2026 0:35:00,Clear,10.6,26.48152959,,270,5.4,,
2/21/2026 0:55:00,Clear,10.4,27.25552914,101290,290,5.4,,
2/21/2026 1:15:00,Clear,,,,,,,
2/21/2026 1:35:00,Clear,8.4,36.62304769,101320,300,7.56,7.242119229,
2/21/2026 1:55:00,Clear,9,35.43558834,101360,300,11.16,7.25065615,
2/21/2026 2:15:00,Clear,8.9,36.77351544,101390,290,7.56,7.826651795,
2/21/2026 2:35:00,Clear,8.8,39.9198418,101420,0,0,,
2/21/2026 2:55:00,Partly Cloudy,8.8,39.9198418,101390,290,7.56,7.709745282,
2/21/2026 3:15:00,Partly Cloudy,8.9,38.76761483,101390,280,5.4,8.394346189,
2/21/2026 3:35:00,Partly Cloudy,8.5,42.60894156,101420,250,5.4,7.938199748,
2/21/2026 3:55:00,Partly Cloudy,8.4,41.32352721,101390,280,5.4,7.824163138,
2/21/2026 4:15:00,Clear,7.7,44.65333346,101390,270,7.56,6.423773637,
2/21/2026 4:35:00,Clear,8,43.10149576,101420,280,9.36,6.380837483,
2/21/2026 4:55:00,Partly Cloudy,8,43.10149576,101460,280,7.56,6.774493177,
2/21/2026 5:15:00,Cloudy,7.6,44.62393144,101460,290,5.4,6.911870256,
2/21/2026 5:35:00,Partly Cloudy,7.8,43.69189682,101490,300,7.56,6.540680151,
2/21/2026 5:55:00,Partly Cloudy,7.6,44.95873251,101490,300,9.36,5.905597555,
2/21/2026 6:15:00,Partly Cloudy,7.5,45.94739846,101560,0,0,,
2/21/2026 6:35:00,Mostly Cloudy,7.5,46.29126353,101560,280,5.4,6.797833646,
2/21/2026 6:55:00,Mostly Cloudy,7.4,46.26215179,101590,300,7.56,6.073054098,
2/21/2026 7:15:00,,7.5,44.92937387,101630,300,11.16,5.444248369,
2/21/2026 7:35:00,Cloudy,7.5,45.2664666,101630,290,5.4,6.797833646,
2/21/2026 7:55:00,Cloudy,7.4,45.23715343,101660,300,9.36,5.667977591,
2/21/2026 8:15:00,Cloudy,7.5,44.59451276,101690,310,9.36,5.786787573,
2/21/2026 8:35:00,Mostly Cloudy,7.3,45.88901857,101690,300,7.56,5.956147585,
2/21/2026 8:55:00,Partly Cloudy,7.7,45.32504212,101660,280,9.36,6.024407537,
2/21/2026 9:15:00,,8.8,43.33788442,101630,0,0,,
2/21/2026 9:35:00,Cloudy,9.2,40.64212923,101630,300,11.16,7.491510521,
2/21/2026 9:55:00,Mostly Cloudy,8.6,42.32156443,101630,280,7.56,7.475932256,
2/21/2026 10:15:00,Mostly Cloudy,9.5,41.96084097,101630,290,7.56,8.528090874,
2/21/2026 10:35:00,Mostly Cloudy,10,39.38886736,101630,300,11.16,,
2/21/2026 10:55:00,Mostly Cloudy,10.2,38.57729582,101630,290,11.16,,
2/21/2026 11:15:00,Partly Cloudy,11,37.96191377,101630,300,11.16,,
2/21/2026 11:35:00,Clear,11.2,36.63577748,101630,290,5.4,,
2/21/2026 11:55:00,Clear,11.8,33.66981877,101590,270,7.56,,
2/21/2026 12:15:00,Partly Cloudy,12.6,31.46991075,101560,280,9.36,,
2/21/2026 12:35:00,Partly Cloudy,12.8,32.24317737,101590,300,12.96,,
2/21/2026 12:55:00,Partly Cloudy,12.3,33.56717226,101560,280,9.36,,
2/21/2026 13:55:00,Mostly Cloudy,13.5,34.68041792,101520,320,14.76,,
2/21/2026 14:15:00,Mostly Cloudy,14,32.5964655,,270,7.56,,
2/21/2026 14:35:00,Cloudy,14.5,32.98488414,,300,12.96,,
2/21/2026 14:55:00,Cloudy,14.5,32.02789741,101490,310,11.16,,
2/21/2026 15:15:00,Cloudy,14.8,32.83127488,101490,320,9.36,,
2/21/2026 15:35:00,Cloudy,15.5,32.32034691,101490,320,11.16,,
2/21/2026 16:15:00,Partly Cloudy,15.4,33.24872887,101490,320,16.56,,
2/21/2026 16:35:00,Partly Cloudy,15.2,33.19016179,101490,310,11.16,,
2/21/2026 16:55:00,Partly Cloudy,14.7,34.02595129,101520,310,9.36,,
2/21/2026 17:15:00,Partly Cloudy,14.5,33.22805949,,310,11.16,,
2/21/2026 17:35:00,Clear,14,35.08411101,,0,0,,
2/21/2026 17:55:00,Clear,13.3,38.08425703,101560,300,5.4,,
2/21/2026 18:15:00,Clear,12.2,40.6305823,101590,0,0,,
2/21/2026 18:35:00,Clear,10.8,45.88934614,101560,0,0,,
2/21/2026 18:55:00,Clear,10,49.11302441,101560,0,0,,
2/21/2026 19:15:00,Partly Cloudy,9.8,48.70084778,101590,0,0,,
2/21/2026 19:35:00,Mostly Cloudy,9.3,52.22702919,101560,0,0,,
2/21/2026 19:55:00,Cloudy,9.6,56.21679364,101590,0,0,,
2/21/2026 20:15:00,Cloudy,9.8,57.48965779,101560,0,0,,
2/21/2026 20:35:00,Cloudy,10,52.41838845,101590,0,0,,
2/21/2026 20:55:00,Cloudy,9.6,57.85086176,101520,0,0,,
2/21/2026 21:15:00,,9.5,58.65840203,101520,0,0,,
2/21/2026 21:35:00,Cloudy,9.7,55.04468614,101560,0,0,,
2/21/2026 21:55:00,Cloudy,11,49.75093235,101560,0,0,,
2/21/2026 22:15:00,Cloudy,10.6,48.57391141,101560,0,0,,
2/21/2026 22:35:00,Cloudy,10.4,51.77711809,101520,0,0,,
2/21/2026 22:55:00,Cloudy,10.4,51.77711809,101460,0,0,,
2/21/2026 23:15:00,Cloudy,,,,,,,
2/21/2026 23:35:00,Light Rain,9.2,64.26854708,101560,0,0,,
2/21/2026 23:55:00,Light Rain,8.5,63.20011505,101560,280,5.4,7.938199748,
2/22/2026 0:15:00,,7.5,69.10798262,101520,300,7.56,6.189960611,
2/22/2026 0:35:00,Light Rain,7.5,68.12974412,101490,320,12.96,5.14536399,
2/22/2026 0:55:00,Cloudy,7.1,70.01814353,101460,350,14.76,4.387161986,
2/22/2026 1:15:00,Light Rain,6.4,74.52000787,,,,,
2/22/2026 1:35:00,Rain,5.5,85.13066046,,320,11.16,3.035704661,
2/22/2026 1:55:00,Light Rain,4.9,91.29605425,101520,310,11.16,2.313141549,
2/22/2026 2:15:00,Light Rain,4.5,89.98756584,,330,7.56,2.682765217,
2/22/2026 2:35:00,Light Rain,4,93.19512194,101520,20,5.4,2.806552288,
2/22/2026 2:55:00,Light Rain,4,93.19512194,101490,340,5.4,2.806552288,
2/22/2026 3:15:00,Light Drizzle,4,91.23522782,101490,310,7.56,2.098232651,
2/22/2026 3:35:00,Light Drizzle,3.8,95.1845758,101460,0,0,,
2/22/2026 3:55:00,Light Drizzle,3.7,95.18076197,101460,0,0,,
2/22/2026 4:15:00,Cloudy,3.7,95.85638584,,0,0,,
2/22/2026 4:35:00,Cloudy,3.7,95.18076197,101460,0,0,,
2/22/2026 4:55:00,Cloudy,3.5,96.53072191,101460,0,0,,
2/22/2026 5:15:00,Cloudy,3.5,94.5006801,101420,0,0,,
2/22/2026 5:35:00,Cloudy,3.6,88.01322265,101390,310,12.96,0.393670891,
2/22/2026 5:55:00,Cloudy,3.6,86.76332973,101390,310,9.36,1.15319827,
2/22/2026 6:15:00,Cloudy,3.4,83.68282723,101390,310,16.56,-0.453578997,
2/22/2026 6:35:00,Cloudy,3.1,81.26250491,101360,320,16.56,-0.826256237,
2/22/2026 6:55:00,Cloudy,3,80.66188068,101390,310,14.76,-0.659664163,
2/22/2026 7:15:00,,3,80.66188068,101390,310,11.16,0.025025026,
2/22/2026 7:35:00,Cloudy,3,80.07880622,101390,310,9.36,0.440338377,
2/22/2026 7:55:00,Cloudy,3,80.66188068,101390,300,12.96,-0.337358817,
2/22/2026 8:15:00,Cloudy,3,80.07880622,101390,290,7.56,0.92916752,
2/22/2026 8:35:00,Light Rain,2.8,81.81248555,101390,310,11.16,-0.215829345,
2/22/2026 8:55:00,Light Rain,2.5,86.65232031,101360,300,5.4,1.096003134,
2/22/2026 9:15:00,Light Rain,2.2,90.45790159,101320,310,7.56,-0.006084585,
2/22/2026 9:35:00,Cloudy,2.6,87.92124725,101290,310,5.4,1.210039744,
2/22/2026 9:55:00,Cloudy,3,81.24871579,101320,300,9.36,0.440338377,
2/22/2026 10:15:00,,3.2,77.25178026,101290,290,5.4,1.894259406,
2/22/2026 10:35:00,Cloudy,2.3,80.56226972,101250,290,14.76,-1.521317408,
2/22/2026 10:55:00,Cloudy,2.1,79.94720603,101290,290,11.16,-1.058819643,
2/22/2026 11:35:00,Light Snow,1.5,79.85878072,101320,300,16.56,-2.81386818,
2/22/2026 11:55:00,Light Snow,1.5,79.85878072,101290,310,20.52,-3.402741917,
2/22/2026 12:15:00,Cloudy,2.3,74.32387698,101220,320,16.56,-1.820062208,
